camera_id,frame,vehicle_id,x1,y1,x2,y2
camera_0001,12,1,-80,237,0,282
camera_0001,13,1,-71,237,9,282
camera_0001,13,4,-80,438,0,483
camera_0001,14,1,-62,237,18,282
camera_0001,14,4,-74,438,6,483
camera_0001,15,1,-54,237,26,282
camera_0001,15,3,-80,196,0,241
camera_0001,15,4,-68,438,12,483
camera_0001,16,1,-45,237,35,282
camera_0001,16,3,-67,196,13,241
camera_0001,16,4,-62,438,18,483
camera_0001,17,1,-37,237,43,282
camera_0001,17,3,-55,196,25,241
camera_0001,17,4,-56,438,24,483
camera_0001,18,1,-28,237,52,282
camera_0001,18,3,-43,196,37,241
camera_0001,18,4,-50,438,30,483
camera_0001,19,1,-20,237,60,282
camera_0001,19,3,-31,196,49,241
camera_0001,19,4,-44,438,36,483
camera_0001,20,1,-11,237,69,282
camera_0001,20,3,-19,196,61,241
camera_0001,20,4,-38,438,42,483
camera_0001,21,1,-2,237,78,282
camera_0001,21,3,-7,196,73,241
camera_0001,21,4,-32,438,48,483
camera_0001,22,1,5,237,85,282
camera_0001,22,3,4,196,84,241
camera_0001,22,4,-27,438,53,483
camera_0001,23,1,14,237,94,282
camera_0001,23,3,16,196,96,241
camera_0001,23,4,-21,438,59,483
camera_0001,24,1,22,237,102,282
camera_0001,24,3,29,196,109,241
camera_0001,24,4,-15,438,65,483
camera_0001,25,1,31,237,111,282
camera_0001,25,3,41,196,121,241
camera_0001,25,4,-9,438,71,483
camera_0001,26,1,39,237,119,282
camera_0001,26,3,53,196,133,241
camera_0001,26,4,-3,438,77,483
camera_0001,27,1,48,237,128,282
camera_0001,27,3,65,196,145,241
camera_0001,27,4,2,438,82,483
camera_0001,28,1,57,237,137,282
camera_0001,28,3,77,196,157,241
camera_0001,28,4,8,438,88,483
camera_0001,29,1,65,237,145,282
camera_0001,29,3,89,196,169,241
camera_0001,29,4,14,438,94,483
camera_0001,30,1,74,237,154,282
camera_0001,30,3,101,196,181,241
camera_0001,30,4,19,438,99,483
camera_0001,31,1,82,237,162,282
camera_0001,31,3,113,196,193,241
camera_0001,31,4,25,438,105,483
camera_0001,32,1,91,237,171,282
camera_0001,32,3,126,196,206,241
camera_0001,32,4,31,438,111,483
camera_0001,33,1,99,237,179,282
camera_0001,33,3,138,196,218,241
camera_0001,33,4,37,438,117,483
camera_0001,34,1,108,237,188,282
camera_0001,34,3,150,196,230,241
camera_0001,34,4,43,438,123,483
camera_0001,35,1,116,237,196,282
camera_0001,35,3,162,196,242,241
camera_0001,35,4,49,438,129,483
camera_0001,36,1,125,237,205,282
camera_0001,36,3,174,196,254,241
camera_0001,36,4,55,438,135,483
camera_0001,37,1,134,237,214,282
camera_0001,37,3,186,196,266,241
camera_0001,37,4,61,438,141,483
camera_0001,38,1,142,237,222,282
camera_0001,38,3,198,196,278,241
camera_0001,38,4,66,438,146,483
camera_0001,39,1,151,237,231,282
camera_0001,39,3,210,196,290,241
camera_0001,39,4,72,438,152,483
camera_0001,40,1,159,237,239,282
camera_0001,40,3,223,196,303,241
camera_0001,40,4,78,438,158,483
camera_0001,41,1,168,237,248,282
camera_0001,41,3,235,196,315,241
camera_0001,41,4,84,438,164,483
camera_0001,42,1,176,237,256,282
camera_0001,42,3,247,196,327,241
camera_0001,42,4,90,438,170,483
camera_0001,43,1,185,237,265,282
camera_0001,43,3,259,196,339,241
camera_0001,43,4,96,438,176,483
camera_0001,44,1,194,237,274,282
camera_0001,44,3,271,196,351,241
camera_0001,44,4,102,438,182,483
camera_0001,45,1,202,237,282,282
camera_0001,45,3,283,196,363,241
camera_0001,45,4,108,438,188,483
camera_0001,46,1,211,237,291,282
camera_0001,46,3,295,196,375,241
camera_0001,46,4,114,438,194,483
camera_0001,47,1,219,237,299,282
camera_0001,47,3,307,196,387,241
camera_0001,47,4,119,438,199,483
camera_0001,48,1,228,237,308,282
camera_0001,48,3,320,196,400,241
camera_0001,48,4,125,438,205,483
camera_0001,49,1,236,237,316,282
camera_0001,49,3,332,196,412,241
camera_0001,49,4,131,438,211,483
camera_0001,50,1,245,237,325,282
camera_0001,50,3,344,196,424,241
camera_0001,50,4,137,438,217,483
camera_0001,51,1,253,237,333,282
camera_0001,51,3,356,196,436,241
camera_0001,51,4,143,438,223,483
camera_0001,52,1,262,237,342,282
camera_0001,52,2,-80,251,0,296
camera_0001,52,3,368,196,448,241
camera_0001,52,4,149,438,229,483
camera_0001,53,1,271,237,351,282
camera_0001,53,2,-74,251,6,296
camera_0001,53,3,380,196,460,241
camera_0001,53,4,155,438,235,483
camera_0001,54,1,279,237,359,282
camera_0001,54,2,-68,251,12,296
camera_0001,54,3,392,196,472,241
camera_0001,54,4,161,438,241,483
camera_0001,55,1,288,237,368,282
camera_0001,55,2,-62,251,18,296
camera_0001,55,3,404,196,484,241
camera_0001,55,4,166,438,246,483
camera_0001,56,1,296,237,376,282
camera_0001,56,2,-56,251,24,296
camera_0001,56,3,417,196,497,241
camera_0001,56,4,172,438,252,483
camera_0001,57,1,305,237,385,282
camera_0001,57,2,-50,251,30,296
camera_0001,57,3,429,196,509,241
camera_0001,57,4,178,438,258,483
camera_0001,58,1,313,237,393,282
camera_0001,58,2,-44,251,36,296
camera_0001,58,3,441,196,521,241
camera_0001,58,4,184,438,264,483
camera_0001,59,1,322,237,402,282
camera_0001,59,2,-38,251,42,296
camera_0001,59,3,453,196,533,241
camera_0001,59,4,190,438,270,483
camera_0001,60,1,331,237,411,282
camera_0001,60,2,-32,251,48,296
camera_0001,60,3,465,196,545,241
camera_0001,60,4,196,438,276,483
camera_0001,61,1,339,237,419,282
camera_0001,61,2,-26,251,54,296
camera_0001,61,3,477,196,557,241
camera_0001,61,4,202,438,282,483
camera_0001,62,1,348,237,428,282
camera_0001,62,2,-20,251,60,296
camera_0001,62,3,489,196,569,241
camera_0001,62,4,208,438,288,483
camera_0001,63,1,356,237,436,282
camera_0001,63,2,-14,251,66,296
camera_0001,63,3,501,196,581,241
camera_0001,63,4,213,438,293,483
camera_0001,64,1,365,237,445,282
camera_0001,64,2,-8,251,72,296
camera_0001,64,3,514,196,594,241
camera_0001,64,4,219,438,299,483
camera_0001,65,1,373,237,453,282
camera_0001,65,2,-2,251,78,296
camera_0001,65,3,526,196,606,241
camera_0001,65,4,225,438,305,483
camera_0001,66,1,382,237,462,282
camera_0001,66,2,3,251,83,296
camera_0001,66,3,538,196,618,241
camera_0001,66,4,231,438,311,483
camera_0001,67,1,390,237,470,282
camera_0001,67,2,9,251,89,296
camera_0001,67,3,550,196,630,241
camera_0001,67,4,237,438,317,483
camera_0001,68,1,399,237,479,282
camera_0001,68,2,15,251,95,296
camera_0001,68,3,562,196,642,241
camera_0001,68,4,243,438,323,483
camera_0001,69,1,408,237,488,282
camera_0001,69,2,21,251,101,296
camera_0001,69,3,574,196,654,241
camera_0001,69,4,249,438,329,483
camera_0001,70,1,416,237,496,282
camera_0001,70,2,27,251,107,296
camera_0001,70,3,586,196,666,241
camera_0001,70,4,255,438,335,483
camera_0001,71,1,425,237,505,282
camera_0001,71,2,33,251,113,296
camera_0001,71,3,598,196,678,241
camera_0001,71,4,261,438,341,483
camera_0001,72,1,433,237,513,282
camera_0001,72,2,39,251,119,296
camera_0001,72,3,611,196,691,241
camera_0001,72,4,266,438,346,483
camera_0001,73,1,442,237,522,282
camera_0001,73,2,45,251,125,296
camera_0001,73,3,623,196,703,241
camera_0001,73,4,272,438,352,483
camera_0001,74,1,450,237,530,282
camera_0001,74,2,51,251,131,296
camera_0001,74,3,635,196,715,241
camera_0001,74,4,278,438,358,483
camera_0001,75,1,459,237,539,282
camera_0001,75,2,57,251,137,296
camera_0001,75,3,647,196,727,241
camera_0001,75,4,284,438,364,483
camera_0001,76,1,468,237,548,282
camera_0001,76,2,63,251,143,296
camera_0001,76,3,659,196,739,241
camera_0001,76,4,290,438,370,483
camera_0001,77,1,476,237,556,282
camera_0001,77,2,69,251,149,296
camera_0001,77,3,671,196,751,241
camera_0001,77,4,296,438,376,483
camera_0001,78,1,485,237,565,282
camera_0001,78,2,75,251,155,296
camera_0001,78,3,683,196,763,241
camera_0001,78,4,302,438,382,483
camera_0001,79,1,493,237,573,282
camera_0001,79,2,81,251,161,296
camera_0001,79,3,695,196,775,241
camera_0001,79,4,308,438,388,483
camera_0001,80,1,502,237,582,282
camera_0001,80,2,87,251,167,296
camera_0001,80,3,708,196,788,241
camera_0001,80,4,313,438,393,483
camera_0001,81,1,510,237,590,282
camera_0001,81,2,93,251,173,296
camera_0001,81,3,720,196,800,241
camera_0001,81,4,319,438,399,483
camera_0001,82,1,519,237,599,282
camera_0001,82,2,99,251,179,296
camera_0001,82,3,732,196,812,241
camera_0001,82,4,325,438,405,483
camera_0001,83,1,527,237,607,282
camera_0001,83,2,105,251,185,296
camera_0001,83,3,744,196,824,241
camera_0001,83,4,331,438,411,483
camera_0001,84,1,536,237,616,282
camera_0001,84,2,111,251,191,296
camera_0001,84,3,756,196,836,241
camera_0001,84,4,337,438,417,483
camera_0001,85,1,545,237,625,282
camera_0001,85,2,117,251,197,296
camera_0001,85,3,768,196,848,241
camera_0001,85,4,343,438,423,483
camera_0001,86,1,553,237,633,282
camera_0001,86,2,123,251,203,296
camera_0001,86,3,780,196,860,241
camera_0001,86,4,349,438,429,483
camera_0001,87,1,562,237,642,282
camera_0001,87,2,129,251,209,296
camera_0001,87,3,792,196,872,241
camera_0001,87,4,355,438,435,483
camera_0001,88,1,570,237,650,282
camera_0001,88,2,135,251,215,296
camera_0001,88,3,805,196,885,241
camera_0001,88,4,360,438,440,483
camera_0001,89,1,579,237,659,282
camera_0001,89,2,141,251,221,296
camera_0001,89,3,817,196,897,241
camera_0001,89,4,366,438,446,483
camera_0001,90,1,587,237,667,282
camera_0001,90,2,147,251,227,296
camera_0001,90,3,829,196,909,241
camera_0001,90,4,372,438,452,483
camera_0001,91,1,596,237,676,282
camera_0001,91,2,153,251,233,296
camera_0001,91,3,841,196,921,241
camera_0001,91,4,378,438,458,483
camera_0001,92,1,605,237,685,282
camera_0001,92,2,159,251,239,296
camera_0001,92,3,853,196,933,241
camera_0001,92,4,384,438,464,483
camera_0001,93,1,613,237,693,282
camera_0001,93,2,165,251,245,296
camera_0001,93,3,865,196,945,241
camera_0001,93,4,390,438,470,483
camera_0001,94,1,622,237,702,282
camera_0001,94,2,171,251,251,296
camera_0001,94,3,877,196,957,241
camera_0001,94,4,396,438,476,483
camera_0001,95,1,630,237,710,282
camera_0001,95,2,177,251,257,296
camera_0001,95,3,889,196,969,241
camera_0001,95,4,402,438,482,483
camera_0001,96,1,639,237,719,282
camera_0001,96,2,183,251,263,296
camera_0001,96,3,902,196,982,241
camera_0001,96,4,408,438,488,483
camera_0001,97,1,647,237,727,282
camera_0001,97,2,189,251,269,296
camera_0001,97,3,914,196,994,241
camera_0001,97,4,413,438,493,483
camera_0001,98,1,656,237,736,282
camera_0001,98,2,195,251,275,296
camera_0001,98,3,926,196,1006,241
camera_0001,98,4,419,438,499,483
camera_0001,99,1,664,237,744,282
camera_0001,99,2,201,251,281,296
camera_0001,99,3,938,196,1018,241
camera_0001,99,4,425,438,505,483
camera_0001,100,1,673,237,753,282
camera_0001,100,2,207,251,287,296
camera_0001,100,3,950,196,1030,241
camera_0001,100,4,431,438,511,483
camera_0001,101,1,682,237,762,282
camera_0001,101,2,213,251,293,296
camera_0001,101,3,962,196,1042,241
camera_0001,101,4,437,438,517,483
camera_0001,102,1,690,237,770,282
camera_0001,102,2,219,251,299,296
camera_0001,102,3,974,196,1054,241
camera_0001,102,4,443,438,523,483
camera_0001,103,1,699,237,779,282
camera_0001,103,2,225,251,305,296
camera_0001,103,3,986,196,1066,241
camera_0001,103,4,449,438,529,483
camera_0001,104,1,707,237,787,282
camera_0001,104,2,231,251,311,296
camera_0001,104,3,999,196,1079,241
camera_0001,104,4,455,438,535,483
camera_0001,105,1,716,237,796,282
camera_0001,105,2,237,251,317,296
camera_0001,105,3,1011,196,1091,241
camera_0001,105,4,460,438,540,483
camera_0001,106,1,724,237,804,282
camera_0001,106,2,243,251,323,296
camera_0001,106,3,1023,196,1103,241
camera_0001,106,4,466,438,546,483
camera_0001,107,1,733,237,813,282
camera_0001,107,2,249,251,329,296
camera_0001,107,3,1035,196,1115,241
camera_0001,107,4,472,438,552,483
camera_0001,108,1,742,237,822,282
camera_0001,108,2,255,251,335,296
camera_0001,108,3,1047,196,1127,241
camera_0001,108,4,478,438,558,483
camera_0001,109,1,750,237,830,282
camera_0001,109,2,261,251,341,296
camera_0001,109,3,1059,196,1139,241
camera_0001,109,4,484,438,564,483
camera_0001,110,1,759,237,839,282
camera_0001,110,2,266,251,346,296
camera_0001,110,3,1071,196,1151,241
camera_0001,110,4,490,438,570,483
camera_0001,111,1,767,237,847,282
camera_0001,111,2,272,251,352,296
camera_0001,111,3,1083,196,1163,241
camera_0001,111,4,496,438,576,483
camera_0001,112,1,776,237,856,282
camera_0001,112,2,278,251,358,296
camera_0001,112,3,1096,196,1176,241
camera_0001,112,4,502,438,582,483
camera_0001,112,5,-80,394,0,439
camera_0001,113,1,784,237,864,282
camera_0001,113,2,284,251,364,296
camera_0001,113,3,1108,196,1188,241
camera_0001,113,4,507,438,587,483
camera_0001,113,5,-73,394,7,439
camera_0001,114,1,793,237,873,282
camera_0001,114,2,290,251,370,296
camera_0001,114,3,1120,196,1200,241
camera_0001,114,4,513,438,593,483
camera_0001,114,5,-66,394,14,439
camera_0001,115,1,801,237,881,282
camera_0001,115,2,296,251,376,296
camera_0001,115,3,1132,196,1212,241
camera_0001,115,4,519,438,599,483
camera_0001,115,5,-59,394,21,439
camera_0001,116,1,810,237,890,282
camera_0001,116,2,302,251,382,296
camera_0001,116,3,1144,196,1224,241
camera_0001,116,4,525,438,605,483
camera_0001,116,5,-53,394,27,439
camera_0001,117,1,819,237,899,282
camera_0001,117,2,308,251,388,296
camera_0001,117,3,1156,196,1236,241
camera_0001,117,4,531,438,611,483
camera_0001,117,5,-46,394,34,439
camera_0001,118,1,827,237,907,282
camera_0001,118,2,314,251,394,296
camera_0001,118,3,1168,196,1248,241
camera_0001,118,4,537,438,617,483
camera_0001,118,5,-39,394,41,439
camera_0001,119,1,836,237,916,282
camera_0001,119,2,320,251,400,296
camera_0001,119,3,1180,196,1260,241
camera_0001,119,4,543,438,623,483
camera_0001,119,5,-32,394,48,439
camera_0001,120,1,844,237,924,282
camera_0001,120,2,326,251,406,296
camera_0001,120,3,1193,196,1273,241
camera_0001,120,4,549,438,629,483
camera_0001,120,5,-26,394,54,439
camera_0001,121,1,853,237,933,282
camera_0001,121,2,332,251,412,296
camera_0001,121,3,1205,196,1285,241
camera_0001,121,4,555,438,635,483
camera_0001,121,5,-19,394,61,439
camera_0001,122,1,861,237,941,282
camera_0001,122,2,338,251,418,296
camera_0001,122,3,1217,196,1297,241
camera_0001,122,4,560,438,640,483
camera_0001,122,5,-12,394,68,439
camera_0001,123,1,870,237,950,282
camera_0001,123,2,344,251,424,296
camera_0001,123,3,1229,196,1309,241
camera_0001,123,4,566,438,646,483
camera_0001,123,5,-6,394,74,439
camera_0001,124,1,878,237,958,282
camera_0001,124,2,350,251,430,296
camera_0001,124,3,1241,196,1321,241
camera_0001,124,4,572,438,652,483
camera_0001,124,5,0,394,80,439
camera_0001,125,1,887,237,967,282
camera_0001,125,2,356,251,436,296
camera_0001,125,3,1253,196,1333,241
camera_0001,125,4,578,438,658,483
camera_0001,125,5,7,394,87,439
camera_0001,126,1,896,237,976,282
camera_0001,126,2,362,251,442,296
camera_0001,126,3,1265,196,1345,241
camera_0001,126,4,584,438,664,483
camera_0001,126,5,14,394,94,439
camera_0001,127,1,904,237,984,282
camera_0001,127,2,368,251,448,296
camera_0001,127,3,1277,196,1357,241
camera_0001,127,4,590,438,670,483
camera_0001,127,5,20,394,100,439
camera_0001,128,1,913,237,993,282
camera_0001,128,2,374,251,454,296
camera_0001,128,3,1290,196,1370,241
camera_0001,128,4,596,438,676,483
camera_0001,128,5,27,394,107,439
camera_0001,129,1,921,237,1001,282
camera_0001,129,2,380,251,460,296
camera_0001,129,4,602,438,682,483
camera_0001,129,5,34,394,114,439
camera_0001,130,1,930,237,1010,282
camera_0001,130,2,386,251,466,296
camera_0001,130,4,607,438,687,483
camera_0001,130,5,40,394,120,439
camera_0001,131,1,938,237,1018,282
camera_0001,131,2,392,251,472,296
camera_0001,131,4,613,438,693,483
camera_0001,131,5,47,394,127,439
camera_0001,132,1,947,237,1027,282
camera_0001,132,2,398,251,478,296
camera_0001,132,4,619,438,699,483
camera_0001,132,5,54,394,134,439
camera_0001,133,1,956,237,1036,282
camera_0001,133,2,404,251,484,296
camera_0001,133,4,625,438,705,483
camera_0001,133,5,61,394,141,439
camera_0001,134,1,964,237,1044,282
camera_0001,134,2,410,251,490,296
camera_0001,134,4,631,438,711,483
camera_0001,134,5,67,394,147,439
camera_0001,135,1,973,237,1053,282
camera_0001,135,2,416,251,496,296
camera_0001,135,4,637,438,717,483
camera_0001,135,5,74,394,154,439
camera_0001,136,1,981,237,1061,282
camera_0001,136,2,422,251,502,296
camera_0001,136,4,643,438,723,483
camera_0001,136,5,81,394,161,439
camera_0001,137,1,990,237,1070,282
camera_0001,137,2,428,251,508,296
camera_0001,137,4,649,438,729,483
camera_0001,137,5,87,394,167,439
camera_0001,138,1,998,237,1078,282
camera_0001,138,2,434,251,514,296
camera_0001,138,4,654,438,734,483
camera_0001,138,5,94,394,174,439
camera_0001,139,1,1007,237,1087,282
camera_0001,139,2,440,251,520,296
camera_0001,139,4,660,438,740,483
camera_0001,139,5,101,394,181,439
camera_0001,140,1,1016,237,1096,282
camera_0001,140,2,446,251,526,296
camera_0001,140,4,666,438,746,483
camera_0001,140,5,108,394,188,439
camera_0001,141,1,1024,237,1104,282
camera_0001,141,2,452,251,532,296
camera_0001,141,4,672,438,752,483
camera_0001,141,5,114,394,194,439
camera_0001,142,1,1033,237,1113,282
camera_0001,142,2,458,251,538,296
camera_0001,142,4,678,438,758,483
camera_0001,142,5,121,394,201,439
camera_0001,143,1,1041,237,1121,282
camera_0001,143,2,464,251,544,296
camera_0001,143,4,684,438,764,483
camera_0001,143,5,128,394,208,439
camera_0001,144,1,1050,237,1130,282
camera_0001,144,2,470,251,550,296
camera_0001,144,4,690,438,770,483
camera_0001,144,5,134,394,214,439
camera_0001,145,1,1058,237,1138,282
camera_0001,145,2,476,251,556,296
camera_0001,145,4,696,438,776,483
camera_0001,145,5,141,394,221,439
camera_0001,146,1,1067,237,1147,282
camera_0001,146,2,482,251,562,296
camera_0001,146,4,702,438,782,483
camera_0001,146,5,148,394,228,439
camera_0001,147,1,1075,237,1155,282
camera_0001,147,2,488,251,568,296
camera_0001,147,4,707,438,787,483
camera_0001,147,5,155,394,235,439
camera_0001,148,1,1084,237,1164,282
camera_0001,148,2,494,251,574,296
camera_0001,148,4,713,438,793,483
camera_0001,148,5,161,394,241,439
camera_0001,149,1,1093,237,1173,282
camera_0001,149,2,500,251,580,296
camera_0001,149,4,719,438,799,483
camera_0001,149,5,168,394,248,439
camera_0001,150,1,1101,237,1181,282
camera_0001,150,2,506,251,586,296
camera_0001,150,4,725,438,805,483
camera_0001,150,5,175,394,255,439
camera_0001,150,10,-80,462,0,507
camera_0001,151,1,1110,237,1190,282
camera_0001,151,2,512,251,592,296
camera_0001,151,4,731,438,811,483
camera_0001,151,5,181,394,261,439
camera_0001,151,10,-72,462,8,507
camera_0001,152,1,1118,237,1198,282
camera_0001,152,2,518,251,598,296
camera_0001,152,4,737,438,817,483
camera_0001,152,5,188,394,268,439
camera_0001,152,10,-64,462,16,507
camera_0001,153,1,1127,237,1207,282
camera_0001,153,2,524,251,604,296
camera_0001,153,4,743,438,823,483
camera_0001,153,5,195,394,275,439
camera_0001,153,10,-57,462,23,507
camera_0001,154,1,1135,237,1215,282
camera_0001,154,2,530,251,610,296
camera_0001,154,4,749,438,829,483
camera_0001,154,5,202,394,282,439
camera_0001,154,10,-49,462,31,507
camera_0001,155,1,1144,237,1224,282
camera_0001,155,2,536,251,616,296
camera_0001,155,4,754,438,834,483
camera_0001,155,5,208,394,288,439
camera_0001,155,10,-42,462,38,507
camera_0001,156,1,1153,237,1233,282
camera_0001,156,2,542,251,622,296
camera_0001,156,4,760,438,840,483
camera_0001,156,5,215,394,295,439
camera_0001,156,10,-34,462,46,507
camera_0001,157,1,1161,237,1241,282
camera_0001,157,2,548,251,628,296
camera_0001,157,4,766,438,846,483
camera_0001,157,5,222,394,302,439
camera_0001,157,10,-27,462,53,507
camera_0001,158,1,1170,237,1250,282
camera_0001,158,2,554,251,634,296
camera_0001,158,4,772,438,852,483
camera_0001,158,5,228,394,308,439
camera_0001,158,10,-19,462,61,507
camera_0001,159,1,1178,237,1258,282
camera_0001,159,2,560,251,640,296
camera_0001,159,4,778,438,858,483
camera_0001,159,5,235,394,315,439
camera_0001,159,10,-12,462,68,507
camera_0001,160,1,1187,237,1267,282
camera_0001,160,2,566,251,646,296
camera_0001,160,4,784,438,864,483
camera_0001,160,5,242,394,322,439
camera_0001,160,10,-4,462,76,507
camera_0001,161,1,1195,237,1275,282
camera_0001,161,2,572,251,652,296
camera_0001,161,4,790,438,870,483
camera_0001,161,5,249,394,329,439
camera_0001,161,10,2,462,82,507
camera_0001,162,1,1204,237,1284,282
camera_0001,162,2,578,251,658,296
camera_0001,162,4,796,438,876,483
camera_0001,162,5,255,394,335,439
camera_0001,162,10,10,462,90,507
camera_0001,163,1,1212,237,1292,282
camera_0001,163,2,584,251,664,296
camera_0001,163,4,801,438,881,483
camera_0001,163,5,262,394,342,439
camera_0001,163,10,17,462,97,507
camera_0001,164,1,1221,237,1301,282
camera_0001,164,2,590,251,670,296
camera_0001,164,4,807,438,887,483
camera_0001,164,5,269,394,349,439
camera_0001,164,10,25,462,105,507
camera_0001,165,1,1230,237,1310,282
camera_0001,165,2,596,251,676,296
camera_0001,165,4,813,438,893,483
camera_0001,165,5,275,394,355,439
camera_0001,165,10,32,462,112,507
camera_0001,166,1,1238,237,1318,282
camera_0001,166,2,602,251,682,296
camera_0001,166,4,819,438,899,483
camera_0001,166,5,282,394,362,439
camera_0001,166,10,40,462,120,507
camera_0001,167,1,1247,237,1327,282
camera_0001,167,2,607,251,687,296
camera_0001,167,4,825,438,905,483
camera_0001,167,5,289,394,369,439
camera_0001,167,10,47,462,127,507
camera_0001,168,1,1255,237,1335,282
camera_0001,168,2,613,251,693,296
camera_0001,168,4,831,438,911,483
camera_0001,168,5,296,394,376,439
camera_0001,168,10,55,462,135,507
camera_0001,169,1,1264,237,1344,282
camera_0001,169,2,619,251,699,296
camera_0001,169,4,837,438,917,483
camera_0001,169,5,302,394,382,439
camera_0001,169,10,63,462,143,507
camera_0001,170,1,1272,237,1352,282
camera_0001,170,2,625,251,705,296
camera_0001,170,4,843,438,923,483
camera_0001,170,5,309,394,389,439
camera_0001,170,10,70,462,150,507
camera_0001,171,1,1281,237,1361,282
camera_0001,171,2,631,251,711,296
camera_0001,171,4,849,438,929,483
camera_0001,171,5,316,394,396,439
camera_0001,171,10,78,462,158,507
camera_0001,172,1,1290,237,1370,282
camera_0001,172,2,637,251,717,296
camera_0001,172,4,854,438,934,483
camera_0001,172,5,322,394,402,439
camera_0001,172,7,-80,290,0,335
camera_0001,172,10,85,462,165,507
camera_0001,173,2,643,251,723,296
camera_0001,173,4,860,438,940,483
camera_0001,173,5,329,394,409,439
camera_0001,173,7,-68,290,12,335
camera_0001,173,10,93,462,173,507
camera_0001,174,2,649,251,729,296
camera_0001,174,4,866,438,946,483
camera_0001,174,5,336,394,416,439
camera_0001,174,7,-56,290,24,335
camera_0001,174,10,100,462,180,507
camera_0001,175,2,655,251,735,296
camera_0001,175,4,872,438,952,483
camera_0001,175,5,343,394,423,439
camera_0001,175,7,-44,290,36,335
camera_0001,175,10,108,462,188,507
camera_0001,176,2,661,251,741,296
camera_0001,176,4,878,438,958,483
camera_0001,176,5,349,394,429,439
camera_0001,176,7,-32,290,48,335
camera_0001,176,10,115,462,195,507
camera_0001,177,2,667,251,747,296
camera_0001,177,4,884,438,964,483
camera_0001,177,5,356,394,436,439
camera_0001,177,7,-20,290,60,335
camera_0001,177,10,123,462,203,507
camera_0001,178,2,673,251,753,296
camera_0001,178,4,890,438,970,483
camera_0001,178,5,363,394,443,439
camera_0001,178,7,-9,290,71,335
camera_0001,178,10,130,462,210,507
camera_0001,179,2,679,251,759,296
camera_0001,179,4,896,438,976,483
camera_0001,179,5,369,394,449,439
camera_0001,179,7,2,290,82,335
camera_0001,179,10,138,462,218,507
camera_0001,180,2,685,251,765,296
camera_0001,180,4,901,438,981,483
camera_0001,180,5,376,394,456,439
camera_0001,180,7,14,290,94,335
camera_0001,180,10,145,462,225,507
camera_0001,181,2,691,251,771,296
camera_0001,181,4,907,438,987,483
camera_0001,181,5,383,394,463,439
camera_0001,181,7,26,290,106,335
camera_0001,181,10,153,462,233,507
camera_0001,182,2,697,251,777,296
camera_0001,182,4,913,438,993,483
camera_0001,182,5,390,394,470,439
camera_0001,182,7,38,290,118,335
camera_0001,182,10,160,462,240,507
camera_0001,183,2,703,251,783,296
camera_0001,183,4,919,438,999,483
camera_0001,183,5,396,394,476,439
camera_0001,183,7,49,290,129,335
camera_0001,183,8,-80,229,0,274
camera_0001,183,10,168,462,248,507
camera_0001,184,2,709,251,789,296
camera_0001,184,4,925,438,1005,483
camera_0001,184,5,403,394,483,439
camera_0001,184,7,61,290,141,335
camera_0001,184,8,-72,229,8,274
camera_0001,184,10,175,462,255,507
camera_0001,185,2,715,251,795,296
camera_0001,185,4,931,438,1011,483
camera_0001,185,5,410,394,490,439
camera_0001,185,7,73,290,153,335
camera_0001,185,8,-64,229,16,274
camera_0001,185,10,183,462,263,507
camera_0001,186,2,721,251,801,296
camera_0001,186,4,937,438,1017,483
camera_0001,186,5,416,394,496,439
camera_0001,186,7,85,290,165,335
camera_0001,186,8,-56,229,24,274
camera_0001,186,10,190,462,270,507
camera_0001,187,2,727,251,807,296
camera_0001,187,4,943,438,1023,483
camera_0001,187,5,423,394,503,439
camera_0001,187,7,97,290,177,335
camera_0001,187,8,-49,229,31,274
camera_0001,187,10,198,462,278,507
camera_0001,188,2,733,251,813,296
camera_0001,188,4,948,438,1028,483
camera_0001,188,5,430,394,510,439
camera_0001,188,7,108,290,188,335
camera_0001,188,8,-41,229,39,274
camera_0001,188,10,206,462,286,507
camera_0001,189,2,739,251,819,296
camera_0001,189,4,954,438,1034,483
camera_0001,189,5,437,394,517,439
camera_0001,189,7,120,290,200,335
camera_0001,189,8,-33,229,47,274
camera_0001,189,10,213,462,293,507
camera_0001,190,2,745,251,825,296
camera_0001,190,4,960,438,1040,483
camera_0001,190,5,443,394,523,439
camera_0001,190,7,132,290,212,335
camera_0001,190,8,-26,229,54,274
camera_0001,190,10,221,462,301,507
camera_0001,191,2,751,251,831,296
camera_0001,191,4,966,438,1046,483
camera_0001,191,5,450,394,530,439
camera_0001,191,7,144,290,224,335
camera_0001,191,8,-18,229,62,274
camera_0001,191,10,228,462,308,507
camera_0001,192,2,757,251,837,296
camera_0001,192,4,972,438,1052,483
camera_0001,192,5,457,394,537,439
camera_0001,192,7,156,290,236,335
camera_0001,192,8,-10,229,70,274
camera_0001,192,10,236,462,316,507
camera_0001,193,2,763,251,843,296
camera_0001,193,4,978,438,1058,483
camera_0001,193,5,463,394,543,439
camera_0001,193,7,168,290,248,335
camera_0001,193,8,-3,229,77,274
camera_0001,193,10,243,462,323,507
camera_0001,194,2,769,251,849,296
camera_0001,194,4,984,438,1064,483
camera_0001,194,5,470,394,550,439
camera_0001,194,7,179,290,259,335
camera_0001,194,8,4,229,84,274
camera_0001,194,10,251,462,331,507
camera_0001,195,2,775,251,855,296
camera_0001,195,4,990,438,1070,483
camera_0001,195,5,477,394,557,439
camera_0001,195,7,191,290,271,335
camera_0001,195,8,12,229,92,274
camera_0001,195,10,258,462,338,507
camera_0001,196,2,781,251,861,296
camera_0001,196,4,996,438,1076,483
camera_0001,196,5,484,394,564,439
camera_0001,196,7,203,290,283,335
camera_0001,196,8,20,229,100,274
camera_0001,196,10,266,462,346,507
camera_0001,197,2,787,251,867,296
camera_0001,197,4,1001,438,1081,483
camera_0001,197,5,490,394,570,439
camera_0001,197,7,215,290,295,335
camera_0001,197,8,27,229,107,274
camera_0001,197,10,273,462,353,507
camera_0001,198,2,793,251,873,296
camera_0001,198,4,1007,438,1087,483
camera_0001,198,5,497,394,577,439
camera_0001,198,7,227,290,307,335
camera_0001,198,8,35,229,115,274
camera_0001,198,10,281,462,361,507
camera_0001,199,2,799,251,879,296
camera_0001,199,4,1013,438,1093,483
camera_0001,199,5,504,394,584,439
camera_0001,199,7,238,290,318,335
camera_0001,199,8,43,229,123,274
camera_0001,199,10,288,462,368,507
camera_0001,200,2,805,251,885,296
camera_0001,200,4,1019,438,1099,483
camera_0001,200,5,510,394,590,439
camera_0001,200,7,250,290,330,335
camera_0001,200,8,50,229,130,274
camera_0001,200,10,296,462,376,507
camera_0001,201,2,811,251,891,296
camera_0001,201,4,1025,438,1105,483
camera_0001,201,5,517,394,597,439
camera_0001,201,7,262,290,342,335
camera_0001,201,8,58,229,138,274
camera_0001,201,10,303,462,383,507
camera_0001,202,2,817,251,897,296
camera_0001,202,4,1031,438,1111,483
camera_0001,202,5,524,394,604,439
camera_0001,202,7,274,290,354,335
camera_0001,202,8,66,229,146,274
camera_0001,202,10,311,462,391,507
camera_0001,203,2,823,251,903,296
camera_0001,203,4,1037,438,1117,483
camera_0001,203,5,531,394,611,439
camera_0001,203,7,286,290,366,335
camera_0001,203,8,73,229,153,274
camera_0001,203,10,318,462,398,507
camera_0001,204,2,829,251,909,296
camera_0001,204,4,1043,438,1123,483
camera_0001,204,5,537,394,617,439
camera_0001,204,7,297,290,377,335
camera_0001,204,8,81,229,161,274
camera_0001,204,10,326,462,406,507
camera_0001,205,2,835,251,915,296
camera_0001,205,4,1048,438,1128,483
camera_0001,205,5,544,394,624,439
camera_0001,205,7,309,290,389,335
camera_0001,205,8,89,229,169,274
camera_0001,205,10,334,462,414,507
camera_0001,206,2,841,251,921,296
camera_0001,206,4,1054,438,1134,483
camera_0001,206,5,551,394,631,439
camera_0001,206,7,321,290,401,335
camera_0001,206,8,97,229,177,274
camera_0001,206,10,341,462,421,507
camera_0001,207,2,847,251,927,296
camera_0001,207,4,1060,438,1140,483
camera_0001,207,5,557,394,637,439
camera_0001,207,7,333,290,413,335
camera_0001,207,8,104,229,184,274
camera_0001,207,10,349,462,429,507
camera_0001,208,2,853,251,933,296
camera_0001,208,4,1066,438,1146,483
camera_0001,208,5,564,394,644,439
camera_0001,208,7,345,290,425,335
camera_0001,208,8,112,229,192,274
camera_0001,208,10,356,462,436,507
camera_0001,209,2,859,251,939,296
camera_0001,209,4,1072,438,1152,483
camera_0001,209,5,571,394,651,439
camera_0001,209,7,356,290,436,335
camera_0001,209,8,120,229,200,274
camera_0001,209,10,364,462,444,507
camera_0001,210,2,865,251,945,296
camera_0001,210,4,1078,438,1158,483
camera_0001,210,5,578,394,658,439
camera_0001,210,7,368,290,448,335
camera_0001,210,8,127,229,207,274
camera_0001,210,10,371,462,451,507
camera_0001,211,2,871,251,951,296
camera_0001,211,4,1084,438,1164,483
camera_0001,211,5,584,394,664,439
camera_0001,211,7,380,290,460,335
camera_0001,211,8,135,229,215,274
camera_0001,211,10,379,462,459,507
camera_0001,212,2,877,251,957,296
camera_0001,212,4,1090,438,1170,483
camera_0001,212,5,591,394,671,439
camera_0001,212,7,392,290,472,335
camera_0001,212,8,143,229,223,274
camera_0001,212,10,386,462,466,507
camera_0001,213,2,883,251,963,296
camera_0001,213,4,1095,438,1175,483
camera_0001,213,5,598,394,678,439
camera_0001,213,7,404,290,484,335
camera_0001,213,8,150,229,230,274
camera_0001,213,10,394,462,474,507
camera_0001,214,2,889,251,969,296
camera_0001,214,4,1101,438,1181,483
camera_0001,214,5,605,394,685,439
camera_0001,214,7,416,290,496,335
camera_0001,214,8,158,229,238,274
camera_0001,214,10,401,462,481,507
camera_0001,215,2,895,251,975,296
camera_0001,215,4,1107,438,1187,483
camera_0001,215,5,611,394,691,439
camera_0001,215,7,427,290,507,335
camera_0001,215,8,166,229,246,274
camera_0001,215,10,409,462,489,507
camera_0001,216,2,901,251,981,296
camera_0001,216,4,1113,438,1193,483
camera_0001,216,5,618,394,698,439
camera_0001,216,6,-80,261,0,306
camera_0001,216,7,439,290,519,335
camera_0001,216,8,173,229,253,274
camera_0001,216,10,416,462,496,507
camera_0001,217,2,907,251,987,296
camera_0001,217,4,1119,438,1199,483
camera_0001,217,5,625,394,705,439
camera_0001,217,6,-72,261,8,306
camera_0001,217,7,451,290,531,335
camera_0001,217,8,181,229,261,274
camera_0001,217,10,424,462,504,507
camera_0001,218,2,913,251,993,296
camera_0001,218,4,1125,438,1205,483
camera_0001,218,5,631,394,711,439
camera_0001,218,6,-64,261,16,306
camera_0001,218,7,463,290,543,335
camera_0001,218,8,189,229,269,274
camera_0001,218,10,431,462,511,507
camera_0001,219,2,919,251,999,296
camera_0001,219,4,1131,438,1211,483
camera_0001,219,5,638,394,718,439
camera_0001,219,6,-56,261,24,306
camera_0001,219,7,475,290,555,335
camera_0001,219,8,197,229,277,274
camera_0001,219,10,439,462,519,507
camera_0001,220,2,925,251,1005,296
camera_0001,220,4,1137,438,1217,483
camera_0001,220,5,645,394,725,439
camera_0001,220,6,-49,261,31,306
camera_0001,220,7,486,290,566,335
camera_0001,220,8,204,229,284,274
camera_0001,220,10,446,462,526,507
camera_0001,221,2,931,251,1011,296
camera_0001,221,4,1143,438,1223,483
camera_0001,221,5,652,394,732,439
camera_0001,221,6,-41,261,39,306
camera_0001,221,7,498,290,578,335
camera_0001,221,8,212,229,292,274
camera_0001,221,10,454,462,534,507
camera_0001,222,2,937,251,1017,296
camera_0001,222,4,1148,438,1228,483
camera_0001,222,5,658,394,738,439
camera_0001,222,6,-33,261,47,306
camera_0001,222,7,510,290,590,335
camera_0001,222,8,220,229,300,274
camera_0001,222,10,461,462,541,507
camera_0001,223,2,943,251,1023,296
camera_0001,223,4,1154,438,1234,483
camera_0001,223,5,665,394,745,439
camera_0001,223,6,-25,261,55,306
camera_0001,223,7,522,290,602,335
camera_0001,223,8,227,229,307,274
camera_0001,223,10,469,462,549,507
camera_0001,224,2,948,251,1028,296
camera_0001,224,4,1160,438,1240,483
camera_0001,224,5,672,394,752,439
camera_0001,224,6,-18,261,62,306
camera_0001,224,7,534,290,614,335
camera_0001,224,8,235,229,315,274
camera_0001,224,10,477,462,557,507
camera_0001,225,2,954,251,1034,296
camera_0001,225,4,1166,438,1246,483
camera_0001,225,5,678,394,758,439
camera_0001,225,6,-10,261,70,306
camera_0001,225,7,545,290,625,335
camera_0001,225,8,243,229,323,274
camera_0001,225,10,484,462,564,507
camera_0001,226,2,960,251,1040,296
camera_0001,226,4,1172,438,1252,483
camera_0001,226,5,685,394,765,439
camera_0001,226,6,-2,261,78,306
camera_0001,226,7,557,290,637,335
camera_0001,226,8,250,229,330,274
camera_0001,226,10,492,462,572,507
camera_0001,227,2,966,251,1046,296
camera_0001,227,4,1178,438,1258,483
camera_0001,227,5,692,394,772,439
camera_0001,227,6,5,261,85,306
camera_0001,227,7,569,290,649,335
camera_0001,227,8,258,229,338,274
camera_0001,227,10,499,462,579,507
camera_0001,228,2,972,251,1052,296
camera_0001,228,4,1184,438,1264,483
camera_0001,228,5,699,394,779,439
camera_0001,228,6,12,261,92,306
camera_0001,228,7,581,290,661,335
camera_0001,228,8,266,229,346,274
camera_0001,228,10,507,462,587,507
camera_0001,229,2,978,251,1058,296
camera_0001,229,4,1190,438,1270,483
camera_0001,229,5,705,394,785,439
camera_0001,229,6,20,261,100,306
camera_0001,229,7,593,290,673,335
camera_0001,229,8,274,229,354,274
camera_0001,229,10,514,462,594,507
camera_0001,230,2,984,251,1064,296
camera_0001,230,4,1195,438,1275,483
camera_0001,230,5,712,394,792,439
camera_0001,230,6,28,261,108,306
camera_0001,230,7,605,290,685,335
camera_0001,230,8,281,229,361,274
camera_0001,230,10,522,462,602,507
camera_0001,231,2,990,251,1070,296
camera_0001,231,4,1201,438,1281,483
camera_0001,231,5,719,394,799,439
camera_0001,231,6,36,261,116,306
camera_0001,231,7,616,290,696,335
camera_0001,231,8,289,229,369,274
camera_0001,231,10,529,462,609,507
camera_0001,232,2,996,251,1076,296
camera_0001,232,4,1207,438,1287,483
camera_0001,232,5,725,394,805,439
camera_0001,232,6,43,261,123,306
camera_0001,232,7,628,290,708,335
camera_0001,232,8,297,229,377,274
camera_0001,232,10,537,462,617,507
camera_0001,233,2,1002,251,1082,296
camera_0001,233,4,1213,438,1293,483
camera_0001,233,5,732,394,812,439
camera_0001,233,6,51,261,131,306
camera_0001,233,7,640,290,720,335
camera_0001,233,8,304,229,384,274
camera_0001,233,10,544,462,624,507
camera_0001,234,2,1008,251,1088,296
camera_0001,234,4,1219,438,1299,483
camera_0001,234,5,739,394,819,439
camera_0001,234,6,59,261,139,306
camera_0001,234,7,652,290,732,335
camera_0001,234,8,312,229,392,274
camera_0001,234,10,552,462,632,507
camera_0001,235,2,1014,251,1094,296
camera_0001,235,4,1225,438,1305,483
camera_0001,235,5,746,394,826,439
camera_0001,235,6,67,261,147,306
camera_0001,235,7,664,290,744,335
camera_0001,235,8,320,229,400,274
camera_0001,235,10,559,462,639,507
camera_0001,236,2,1020,251,1100,296
camera_0001,236,4,1231,438,1311,483
camera_0001,236,5,752,394,832,439
camera_0001,236,6,74,261,154,306
camera_0001,236,7,675,290,755,335
camera_0001,236,8,327,229,407,274
camera_0001,236,10,567,462,647,507
camera_0001,237,2,1026,251,1106,296
camera_0001,237,4,1237,438,1317,483
camera_0001,237,5,759,394,839,439
camera_0001,237,6,82,261,162,306
camera_0001,237,7,687,290,767,335
camera_0001,237,8,335,229,415,274
camera_0001,237,10,574,462,654,507
camera_0001,238,2,1032,251,1112,296
camera_0001,238,4,1242,438,1322,483
camera_0001,238,5,766,394,846,439
camera_0001,238,6,90,261,170,306
camera_0001,238,7,699,290,779,335
camera_0001,238,8,343,229,423,274
camera_0001,238,10,582,462,662,507
camera_0001,239,2,1038,251,1118,296
camera_0001,239,4,1248,438,1328,483
camera_0001,239,5,772,394,852,439
camera_0001,239,6,98,261,178,306
camera_0001,239,7,711,290,791,335
camera_0001,239,8,351,229,431,274
camera_0001,239,10,589,462,669,507
camera_0001,240,2,1044,251,1124,296
camera_0001,240,4,1254,438,1334,483
camera_0001,240,5,779,394,859,439
camera_0001,240,6,105,261,185,306
camera_0001,240,7,723,290,803,335
camera_0001,240,8,358,229,438,274
camera_0001,240,10,597,462,677,507
camera_0001,241,2,1050,251,1130,296
camera_0001,241,4,1260,438,1340,483
camera_0001,241,5,786,394,866,439
camera_0001,241,6,113,261,193,306
camera_0001,241,7,734,290,814,335
camera_0001,241,8,366,229,446,274
camera_0001,241,10,605,462,685,507
camera_0001,242,2,1056,251,1136,296
camera_0001,242,4,1266,438,1346,483
camera_0001,242,5,793,394,873,439
camera_0001,242,6,121,261,201,306
camera_0001,242,7,746,290,826,335
camera_0001,242,8,374,229,454,274
camera_0001,242,10,612,462,692,507
camera_0001,243,2,1062,251,1142,296
camera_0001,243,4,1272,438,1352,483
camera_0001,243,5,799,394,879,439
camera_0001,243,6,128,261,208,306
camera_0001,243,7,758,290,838,335
camera_0001,243,8,381,229,461,274
camera_0001,243,10,620,462,700,507
camera_0001,244,2,1068,251,1148,296
camera_0001,244,4,1278,438,1358,483
camera_0001,244,5,806,394,886,439
camera_0001,244,6,136,261,216,306
camera_0001,244,7,770,290,850,335
camera_0001,244,8,389,229,469,274
camera_0001,244,10,627,462,707,507
camera_0001,245,2,1074,251,1154,296
camera_0001,245,4,1284,438,1364,483
camera_0001,245,5,813,394,893,439
camera_0001,245,6,144,261,224,306
camera_0001,245,7,782,290,862,335
camera_0001,245,8,397,229,477,274
camera_0001,245,10,635,462,715,507
camera_0001,246,2,1080,251,1160,296
camera_0001,246,4,1290,438,1370,483
camera_0001,246,5,819,394,899,439
camera_0001,246,6,152,261,232,306
camera_0001,246,7,793,290,873,335
camera_0001,246,8,404,229,484,274
camera_0001,246,10,642,462,722,507
camera_0001,247,2,1086,251,1166,296
camera_0001,247,5,826,394,906,439
camera_0001,247,6,159,261,239,306
camera_0001,247,7,805,290,885,335
camera_0001,247,8,412,229,492,274
camera_0001,247,10,650,462,730,507
camera_0001,248,2,1092,251,1172,296
camera_0001,248,5,833,394,913,439
camera_0001,248,6,167,261,247,306
camera_0001,248,7,817,290,897,335
camera_0001,248,8,420,229,500,274
camera_0001,248,10,657,462,737,507
camera_0001,249,2,1098,251,1178,296
camera_0001,249,5,840,394,920,439
camera_0001,249,6,175,261,255,306
camera_0001,249,7,829,290,909,335
camera_0001,249,8,427,229,507,274
camera_0001,249,10,665,462,745,507
camera_0001,250,2,1104,251,1184,296
camera_0001,250,5,846,394,926,439
camera_0001,250,6,183,261,263,306
camera_0001,250,7,841,290,921,335
camera_0001,250,8,435,229,515,274
camera_0001,250,10,672,462,752,507
camera_0001,251,2,1110,251,1190,296
camera_0001,251,5,853,394,933,439
camera_0001,251,6,190,261,270,306
camera_0001,251,7,853,290,933,335
camera_0001,251,8,443,229,523,274
camera_0001,251,10,680,462,760,507
camera_0001,252,2,1116,251,1196,296
camera_0001,252,5,860,394,940,439
camera_0001,252,6,198,261,278,306
camera_0001,252,7,864,290,944,335
camera_0001,252,8,451,229,531,274
camera_0001,252,10,687,462,767,507
camera_0001,253,2,1122,251,1202,296
camera_0001,253,5,866,394,946,439
camera_0001,253,6,206,261,286,306
camera_0001,253,7,876,290,956,335
camera_0001,253,8,458,229,538,274
camera_0001,253,10,695,462,775,507
camera_0001,254,2,1128,251,1208,296
camera_0001,254,5,873,394,953,439
camera_0001,254,6,214,261,294,306
camera_0001,254,7,888,290,968,335
camera_0001,254,8,466,229,546,274
camera_0001,254,10,702,462,782,507
camera_0001,255,2,1134,251,1214,296
camera_0001,255,5,880,394,960,439
camera_0001,255,6,221,261,301,306
camera_0001,255,7,900,290,980,335
camera_0001,255,8,474,229,554,274
camera_0001,255,10,710,462,790,507
camera_0001,256,2,1140,251,1220,296
camera_0001,256,5,887,394,967,439
camera_0001,256,6,229,261,309,306
camera_0001,256,7,912,290,992,335
camera_0001,256,8,481,229,561,274
camera_0001,256,10,717,462,797,507
camera_0001,257,2,1146,251,1226,296
camera_0001,257,5,893,394,973,439
camera_0001,257,6,237,261,317,306
camera_0001,257,7,923,290,1003,335
camera_0001,257,8,489,229,569,274
camera_0001,257,10,725,462,805,507
camera_0001,258,2,1152,251,1232,296
camera_0001,258,5,900,394,980,439
camera_0001,258,6,245,261,325,306
camera_0001,258,7,935,290,1015,335
camera_0001,258,8,497,229,577,274
camera_0001,258,10,732,462,812,507
camera_0001,259,2,1158,251,1238,296
camera_0001,259,5,907,394,987,439
camera_0001,259,6,252,261,332,306
camera_0001,259,7,947,290,1027,335
camera_0001,259,8,504,229,584,274
camera_0001,259,10,740,462,820,507
camera_0001,260,2,1164,251,1244,296
camera_0001,260,5,913,394,993,439
camera_0001,260,6,260,261,340,306
camera_0001,260,7,959,290,1039,335
camera_0001,260,8,512,229,592,274
camera_0001,260,10,748,462,828,507
camera_0001,261,2,1170,251,1250,296
camera_0001,261,5,920,394,1000,439
camera_0001,261,6,268,261,348,306
camera_0001,261,7,971,290,1051,335
camera_0001,261,8,520,229,600,274
camera_0001,261,10,755,462,835,507
camera_0001,262,2,1176,251,1256,296
camera_0001,262,5,927,394,1007,439
camera_0001,262,6,276,261,356,306
camera_0001,262,7,982,290,1062,335
camera_0001,262,8,528,229,608,274
camera_0001,262,10,763,462,843,507
camera_0001,263,2,1182,251,1262,296
camera_0001,263,5,934,394,1014,439
camera_0001,263,6,283,261,363,306
camera_0001,263,7,994,290,1074,335
camera_0001,263,8,535,229,615,274
camera_0001,263,10,770,462,850,507
camera_0001,264,2,1188,251,1268,296
camera_0001,264,5,940,394,1020,439
camera_0001,264,6,291,261,371,306
camera_0001,264,7,1006,290,1086,335
camera_0001,264,8,543,229,623,274
camera_0001,264,10,778,462,858,507
camera_0001,265,2,1194,251,1274,296
camera_0001,265,5,947,394,1027,439
camera_0001,265,6,299,261,379,306
camera_0001,265,7,1018,290,1098,335
camera_0001,265,8,551,229,631,274
camera_0001,265,10,785,462,865,507
camera_0001,266,2,1200,251,1280,296
camera_0001,266,5,954,394,1034,439
camera_0001,266,6,307,261,387,306
camera_0001,266,7,1030,290,1110,335
camera_0001,266,8,558,229,638,274
camera_0001,266,10,793,462,873,507
camera_0001,267,2,1206,251,1286,296
camera_0001,267,5,960,394,1040,439
camera_0001,267,6,314,261,394,306
camera_0001,267,7,1041,290,1121,335
camera_0001,267,8,566,229,646,274
camera_0001,267,10,800,462,880,507
camera_0001,268,2,1212,251,1292,296
camera_0001,268,5,967,394,1047,439
camera_0001,268,6,322,261,402,306
camera_0001,268,7,1053,290,1133,335
camera_0001,268,8,574,229,654,274
camera_0001,268,10,808,462,888,507
camera_0001,269,2,1218,251,1298,296
camera_0001,269,5,974,394,1054,439
camera_0001,269,6,330,261,410,306
camera_0001,269,7,1065,290,1145,335
camera_0001,269,8,581,229,661,274
camera_0001,269,10,815,462,895,507
camera_0001,270,2,1224,251,1304,296
camera_0001,270,5,981,394,1061,439
camera_0001,270,6,337,261,417,306
camera_0001,270,7,1077,290,1157,335
camera_0001,270,8,589,229,669,274
camera_0001,270,10,823,462,903,507
camera_0001,271,2,1230,251,1310,296
camera_0001,271,5,987,394,1067,439
camera_0001,271,6,345,261,425,306
camera_0001,271,7,1089,290,1169,335
camera_0001,271,8,597,229,677,274
camera_0001,271,10,830,462,910,507
camera_0001,272,2,1236,251,1316,296
camera_0001,272,5,994,394,1074,439
camera_0001,272,6,353,261,433,306
camera_0001,272,7,1101,290,1181,335
camera_0001,272,8,605,229,685,274
camera_0001,272,10,838,462,918,507
camera_0001,273,2,1242,251,1322,296
camera_0001,273,5,1001,394,1081,439
camera_0001,273,6,361,261,441,306
camera_0001,273,7,1112,290,1192,335
camera_0001,273,8,612,229,692,274
camera_0001,273,10,845,462,925,507
camera_0001,274,2,1248,251,1328,296
camera_0001,274,5,1007,394,1087,439
camera_0001,274,6,368,261,448,306
camera_0001,274,7,1124,290,1204,335
camera_0001,274,8,620,229,700,274
camera_0001,274,9,-80,415,0,460
camera_0001,274,10,853,462,933,507
camera_0001,275,2,1254,251,1334,296
camera_0001,275,5,1014,394,1094,439
camera_0001,275,6,376,261,456,306
camera_0001,275,7,1136,290,1216,335
camera_0001,275,8,628,229,708,274
camera_0001,275,9,-68,415,12,460
camera_0001,275,10,860,462,940,507
camera_0001,276,2,1260,251,1340,296
camera_0001,276,5,1021,394,1101,439
camera_0001,276,6,384,261,464,306
camera_0001,276,7,1148,290,1228,335
camera_0001,276,8,635,229,715,274
camera_0001,276,9,-57,415,23,460
camera_0001,276,10,868,462,948,507
camera_0001,277,2,1266,251,1346,296
camera_0001,277,5,1028,394,1108,439
camera_0001,277,6,392,261,472,306
camera_0001,277,7,1160,290,1240,335
camera_0001,277,8,643,229,723,274
camera_0001,277,9,-46,415,34,460
camera_0001,277,10,875,462,955,507
camera_0001,278,2,1272,251,1352,296
camera_0001,278,5,1034,394,1114,439
camera_0001,278,6,399,261,479,306
camera_0001,278,7,1171,290,1251,335
camera_0001,278,8,651,229,731,274
camera_0001,278,9,-34,415,46,460
camera_0001,278,10,883,462,963,507
camera_0001,279,2,1278,251,1358,296
camera_0001,279,5,1041,394,1121,439
camera_0001,279,6,407,261,487,306
camera_0001,279,7,1183,290,1263,335
camera_0001,279,8,658,229,738,274
camera_0001,279,9,-23,415,57,460
camera_0001,279,10,891,462,971,507
camera_0001,280,2,1284,251,1364,296
camera_0001,280,5,1048,394,1128,439
camera_0001,280,6,415,261,495,306
camera_0001,280,7,1195,290,1275,335
camera_0001,280,8,666,229,746,274
camera_0001,280,9,-12,415,68,460
camera_0001,280,10,898,462,978,507
camera_0001,281,2,1290,251,1370,296
camera_0001,281,5,1054,394,1134,439
camera_0001,281,6,423,261,503,306
camera_0001,281,7,1207,290,1287,335
camera_0001,281,8,674,229,754,274
camera_0001,281,9,0,415,80,460
camera_0001,281,10,906,462,986,507
camera_0001,282,5,1061,394,1141,439
camera_0001,282,6,430,261,510,306
camera_0001,282,7,1219,290,1299,335
camera_0001,282,8,681,229,761,274
camera_0001,282,9,10,415,90,460
camera_0001,282,10,913,462,993,507
camera_0001,283,5,1068,394,1148,439
camera_0001,283,6,438,261,518,306
camera_0001,283,7,1230,290,1310,335
camera_0001,283,8,689,229,769,274
camera_0001,283,9,21,415,101,460
camera_0001,283,10,921,462,1001,507
camera_0001,284,5,1075,394,1155,439
camera_0001,284,6,446,261,526,306
camera_0001,284,7,1242,290,1322,335
camera_0001,284,8,697,229,777,274
camera_0001,284,9,33,415,113,460
camera_0001,284,10,928,462,1008,507
camera_0001,285,5,1081,394,1161,439
camera_0001,285,6,454,261,534,306
camera_0001,285,7,1254,290,1334,335
camera_0001,285,8,705,229,785,274
camera_0001,285,9,44,415,124,460
camera_0001,285,10,936,462,1016,507
camera_0001,286,5,1088,394,1168,439
camera_0001,286,6,461,261,541,306
camera_0001,286,7,1266,290,1346,335
camera_0001,286,8,712,229,792,274
camera_0001,286,9,55,415,135,460
camera_0001,286,10,943,462,1023,507
camera_0001,287,5,1095,394,1175,439
camera_0001,287,6,469,261,549,306
camera_0001,287,7,1278,290,1358,335
camera_0001,287,8,720,229,800,274
camera_0001,287,9,67,415,147,460
camera_0001,287,10,951,462,1031,507
camera_0001,288,5,1101,394,1181,439
camera_0001,288,6,477,261,557,306
camera_0001,288,7,1290,290,1370,335
camera_0001,288,8,728,229,808,274
camera_0001,288,9,78,415,158,460
camera_0001,288,10,958,462,1038,507
camera_0001,289,5,1108,394,1188,439
camera_0001,289,6,485,261,565,306
camera_0001,289,8,735,229,815,274
camera_0001,289,9,89,415,169,460
camera_0001,289,10,966,462,1046,507
camera_0001,290,5,1115,394,1195,439
camera_0001,290,6,492,261,572,306
camera_0001,290,8,743,229,823,274
camera_0001,290,9,101,415,181,460
camera_0001,290,10,973,462,1053,507
camera_0001,291,5,1122,394,1202,439
camera_0001,291,6,500,261,580,306
camera_0001,291,8,751,229,831,274
camera_0001,291,9,112,415,192,460
camera_0001,291,10,981,462,1061,507
camera_0001,292,5,1128,394,1208,439
camera_0001,292,6,508,261,588,306
camera_0001,292,8,758,229,838,274
camera_0001,292,9,123,415,203,460
camera_0001,292,10,988,462,1068,507
camera_0001,293,5,1135,394,1215,439
camera_0001,293,6,515,261,595,306
camera_0001,293,8,766,229,846,274
camera_0001,293,9,135,415,215,460
camera_0001,293,10,996,462,1076,507
camera_0001,294,5,1142,394,1222,439
camera_0001,294,6,523,261,603,306
camera_0001,294,8,774,229,854,274
camera_0001,294,9,146,415,226,460
camera_0001,294,10,1003,462,1083,507
camera_0001,295,5,1148,394,1228,439
camera_0001,295,6,531,261,611,306
camera_0001,295,8,782,229,862,274
camera_0001,295,9,157,415,237,460
camera_0001,295,10,1011,462,1091,507
camera_0001,296,5,1155,394,1235,439
camera_0001,296,6,539,261,619,306
camera_0001,296,8,789,229,869,274
camera_0001,296,9,169,415,249,460
camera_0001,296,10,1019,462,1099,507
camera_0001,297,5,1162,394,1242,439
camera_0001,297,6,546,261,626,306
camera_0001,297,8,797,229,877,274
camera_0001,297,9,180,415,260,460
camera_0001,297,10,1026,462,1106,507
camera_0001,298,5,1169,394,1249,439
camera_0001,298,6,554,261,634,306
camera_0001,298,8,805,229,885,274
camera_0001,298,9,191,415,271,460
camera_0001,298,10,1034,462,1114,507
camera_0001,299,5,1175,394,1255,439
camera_0001,299,6,562,261,642,306
camera_0001,299,8,812,229,892,274
camera_0001,299,9,203,415,283,460
camera_0001,299,10,1041,462,1121,507
camera_0001,300,5,1182,394,1262,439
camera_0001,300,6,570,261,650,306
camera_0001,300,8,820,229,900,274
camera_0001,300,9,214,415,294,460
camera_0001,300,10,1049,462,1129,507
camera_0001,301,5,1189,394,1269,439
camera_0001,301,6,577,261,657,306
camera_0001,301,8,828,229,908,274
camera_0001,301,9,225,415,305,460
camera_0001,301,10,1056,462,1136,507
camera_0001,302,5,1195,394,1275,439
camera_0001,302,6,585,261,665,306
camera_0001,302,8,835,229,915,274
camera_0001,302,9,237,415,317,460
camera_0001,302,10,1064,462,1144,507
camera_0001,303,5,1202,394,1282,439
camera_0001,303,6,593,261,673,306
camera_0001,303,8,843,229,923,274
camera_0001,303,9,248,415,328,460
camera_0001,303,10,1071,462,1151,507
camera_0001,304,5,1209,394,1289,439
camera_0001,304,6,601,261,681,306
camera_0001,304,8,851,229,931,274
camera_0001,304,9,259,415,339,460
camera_0001,304,10,1079,462,1159,507
camera_0001,305,5,1216,394,1296,439
camera_0001,305,6,608,261,688,306
camera_0001,305,8,858,229,938,274
camera_0001,305,9,270,415,350,460
camera_0001,305,10,1086,462,1166,507
camera_0001,306,5,1222,394,1302,439
camera_0001,306,6,616,261,696,306
camera_0001,306,8,866,229,946,274
camera_0001,306,9,282,415,362,460
camera_0001,306,10,1094,462,1174,507
camera_0001,307,5,1229,394,1309,439
camera_0001,307,6,624,261,704,306
camera_0001,307,8,874,229,954,274
camera_0001,307,9,293,415,373,460
camera_0001,307,10,1101,462,1181,507
camera_0001,308,5,1236,394,1316,439
camera_0001,308,6,632,261,712,306
camera_0001,308,8,882,229,962,274
camera_0001,308,9,304,415,384,460
camera_0001,308,10,1109,462,1189,507
camera_0001,309,5,1242,394,1322,439
camera_0001,309,6,639,261,719,306
camera_0001,309,8,889,229,969,274
camera_0001,309,9,316,415,396,460
camera_0001,309,10,1116,462,1196,507
camera_0001,310,5,1249,394,1329,439
camera_0001,310,6,647,261,727,306
camera_0001,310,8,897,229,977,274
camera_0001,310,9,327,415,407,460
camera_0001,310,10,1124,462,1204,507
camera_0001,311,5,1256,394,1336,439
camera_0001,311,6,655,261,735,306
camera_0001,311,8,905,229,985,274
camera_0001,311,9,338,415,418,460
camera_0001,311,10,1131,462,1211,507
camera_0001,312,5,1263,394,1343,439
camera_0001,312,6,663,261,743,306
camera_0001,312,8,912,229,992,274
camera_0001,312,9,350,415,430,460
camera_0001,312,10,1139,462,1219,507
camera_0001,313,5,1269,394,1349,439
camera_0001,313,6,670,261,750,306
camera_0001,313,8,920,229,1000,274
camera_0001,313,9,361,415,441,460
camera_0001,313,10,1146,462,1226,507
camera_0001,314,5,1276,394,1356,439
camera_0001,314,6,678,261,758,306
camera_0001,314,8,928,229,1008,274
camera_0001,314,9,372,415,452,460
camera_0001,314,10,1154,462,1234,507
camera_0001,315,5,1283,394,1363,439
camera_0001,315,6,686,261,766,306
camera_0001,315,8,935,229,1015,274
camera_0001,315,9,384,415,464,460
camera_0001,315,10,1162,462,1242,507
camera_0001,316,5,1290,394,1370,439
camera_0001,316,6,694,261,774,306
camera_0001,316,8,943,229,1023,274
camera_0001,316,9,395,415,475,460
camera_0001,316,10,1169,462,1249,507
camera_0001,317,6,701,261,781,306
camera_0001,317,8,951,229,1031,274
camera_0001,317,9,406,415,486,460
camera_0001,317,10,1177,462,1257,507
camera_0001,318,6,709,261,789,306
camera_0001,318,8,959,229,1039,274
camera_0001,318,9,418,415,498,460
camera_0001,318,10,1184,462,1264,507
camera_0001,319,6,717,261,797,306
camera_0001,319,8,966,229,1046,274
camera_0001,319,9,429,415,509,460
camera_0001,319,10,1192,462,1272,507
camera_0001,320,6,724,261,804,306
camera_0001,320,8,974,229,1054,274
camera_0001,320,9,440,415,520,460
camera_0001,320,10,1199,462,1279,507
camera_0001,321,6,732,261,812,306
camera_0001,321,8,982,229,1062,274
camera_0001,321,9,452,415,532,460
camera_0001,321,10,1207,462,1287,507
camera_0001,322,6,740,261,820,306
camera_0001,322,8,989,229,1069,274
camera_0001,322,9,463,415,543,460
camera_0001,322,10,1214,462,1294,507
camera_0001,323,6,748,261,828,306
camera_0001,323,8,997,229,1077,274
camera_0001,323,9,474,415,554,460
camera_0001,323,10,1222,462,1302,507
camera_0001,324,6,755,261,835,306
camera_0001,324,8,1005,229,1085,274
camera_0001,324,9,486,415,566,460
camera_0001,324,10,1229,462,1309,507
camera_0001,325,6,763,261,843,306
camera_0001,325,8,1012,229,1092,274
camera_0001,325,9,497,415,577,460
camera_0001,325,10,1237,462,1317,507
camera_0001,326,6,771,261,851,306
camera_0001,326,8,1020,229,1100,274
camera_0001,326,9,508,415,588,460
camera_0001,326,10,1244,462,1324,507
camera_0001,327,6,779,261,859,306
camera_0001,327,8,1028,229,1108,274
camera_0001,327,9,520,415,600,460
camera_0001,327,10,1252,462,1332,507
camera_0001,328,6,786,261,866,306
camera_0001,328,8,1036,229,1116,274
camera_0001,328,9,531,415,611,460
camera_0001,328,10,1259,462,1339,507
camera_0001,329,6,794,261,874,306
camera_0001,329,8,1043,229,1123,274
camera_0001,329,9,542,415,622,460
camera_0001,329,10,1267,462,1347,507
camera_0001,330,6,802,261,882,306
camera_0001,330,8,1051,229,1131,274
camera_0001,330,9,554,415,634,460
camera_0001,330,10,1274,462,1354,507
camera_0001,331,6,810,261,890,306
camera_0001,331,8,1059,229,1139,274
camera_0001,331,9,565,415,645,460
camera_0001,331,10,1282,462,1362,507
camera_0001,332,6,817,261,897,306
camera_0001,332,8,1066,229,1146,274
camera_0001,332,9,576,415,656,460
camera_0001,332,10,1290,462,1370,507
camera_0001,333,6,825,261,905,306
camera_0001,333,8,1074,229,1154,274
camera_0001,333,9,588,415,668,460
camera_0001,334,6,833,261,913,306
camera_0001,334,8,1082,229,1162,274
camera_0001,334,9,599,415,679,460
camera_0001,335,6,841,261,921,306
camera_0001,335,8,1089,229,1169,274
camera_0001,335,9,610,415,690,460
camera_0001,336,6,848,261,928,306
camera_0001,336,8,1097,229,1177,274
camera_0001,336,9,621,415,701,460
camera_0001,337,6,856,261,936,306
camera_0001,337,8,1105,229,1185,274
camera_0001,337,9,633,415,713,460
camera_0001,338,6,864,261,944,306
camera_0001,338,8,1112,229,1192,274
camera_0001,338,9,644,415,724,460
camera_0001,339,6,872,261,952,306
camera_0001,339,8,1120,229,1200,274
camera_0001,339,9,655,415,735,460
camera_0001,340,6,879,261,959,306
camera_0001,340,8,1128,229,1208,274
camera_0001,340,9,667,415,747,460
camera_0001,341,6,887,261,967,306
camera_0001,341,8,1136,229,1216,274
camera_0001,341,9,678,415,758,460
camera_0001,342,6,895,261,975,306
camera_0001,342,8,1143,229,1223,274
camera_0001,342,9,689,415,769,460
camera_0001,343,6,902,261,982,306
camera_0001,343,8,1151,229,1231,274
camera_0001,343,9,701,415,781,460
camera_0001,344,6,910,261,990,306
camera_0001,344,8,1159,229,1239,274
camera_0001,344,9,712,415,792,460
camera_0001,345,6,918,261,998,306
camera_0001,345,8,1166,229,1246,274
camera_0001,345,9,723,415,803,460
camera_0001,346,6,926,261,1006,306
camera_0001,346,8,1174,229,1254,274
camera_0001,346,9,735,415,815,460
camera_0001,347,6,933,261,1013,306
camera_0001,347,8,1182,229,1262,274
camera_0001,347,9,746,415,826,460
camera_0001,348,6,941,261,1021,306
camera_0001,348,8,1189,229,1269,274
camera_0001,348,9,757,415,837,460
camera_0001,349,6,949,261,1029,306
camera_0001,349,8,1197,229,1277,274
camera_0001,349,9,769,415,849,460
camera_0001,350,6,957,261,1037,306
camera_0001,350,8,1205,229,1285,274
camera_0001,350,9,780,415,860,460
camera_0001,351,6,964,261,1044,306
camera_0001,351,8,1213,229,1293,274
camera_0001,351,9,791,415,871,460
camera_0001,352,6,972,261,1052,306
camera_0001,352,8,1220,229,1300,274
camera_0001,352,9,803,415,883,460
camera_0001,353,6,980,261,1060,306
camera_0001,353,8,1228,229,1308,274
camera_0001,353,9,814,415,894,460
camera_0001,354,6,988,261,1068,306
camera_0001,354,8,1236,229,1316,274
camera_0001,354,9,825,415,905,460
camera_0001,355,6,995,261,1075,306
camera_0001,355,8,1243,229,1323,274
camera_0001,355,9,837,415,917,460
camera_0001,356,6,1003,261,1083,306
camera_0001,356,8,1251,229,1331,274
camera_0001,356,9,848,415,928,460
camera_0001,357,6,1011,261,1091,306
camera_0001,357,8,1259,229,1339,274
camera_0001,357,9,859,415,939,460
camera_0001,358,6,1019,261,1099,306
camera_0001,358,8,1266,229,1346,274
camera_0001,358,9,871,415,951,460
camera_0001,359,6,1026,261,1106,306
camera_0001,359,8,1274,229,1354,274
camera_0001,359,9,882,415,962,460
camera_0001,360,6,1034,261,1114,306
camera_0001,360,8,1282,229,1362,274
camera_0001,360,9,893,415,973,460
camera_0001,361,6,1042,261,1122,306
camera_0001,361,8,1290,229,1370,274
camera_0001,361,9,905,415,985,460
camera_0001,362,6,1050,261,1130,306
camera_0001,362,9,916,415,996,460
camera_0001,363,6,1057,261,1137,306
camera_0001,363,9,927,415,1007,460
camera_0001,364,6,1065,261,1145,306
camera_0001,364,9,939,415,1019,460
camera_0001,365,6,1073,261,1153,306
camera_0001,365,9,950,415,1030,460
camera_0001,366,6,1081,261,1161,306
camera_0001,366,9,961,415,1041,460
camera_0001,367,6,1088,261,1168,306
camera_0001,367,9,972,415,1052,460
camera_0001,368,6,1096,261,1176,306
camera_0001,368,9,984,415,1064,460
camera_0001,369,6,1104,261,1184,306
camera_0001,369,9,995,415,1075,460
camera_0001,370,6,1111,261,1191,306
camera_0001,370,9,1006,415,1086,460
camera_0001,371,6,1119,261,1199,306
camera_0001,371,9,1018,415,1098,460
camera_0001,372,6,1127,261,1207,306
camera_0001,372,9,1029,415,1109,460
camera_0001,373,6,1135,261,1215,306
camera_0001,373,9,1040,415,1120,460
camera_0001,374,6,1142,261,1222,306
camera_0001,374,9,1052,415,1132,460
camera_0001,375,6,1150,261,1230,306
camera_0001,375,9,1063,415,1143,460
camera_0001,376,6,1158,261,1238,306
camera_0001,376,9,1074,415,1154,460
camera_0001,377,6,1166,261,1246,306
camera_0001,377,9,1086,415,1166,460
camera_0001,378,6,1173,261,1253,306
camera_0001,378,9,1097,415,1177,460
camera_0001,379,6,1181,261,1261,306
camera_0001,379,9,1108,415,1188,460
camera_0001,380,6,1189,261,1269,306
camera_0001,380,9,1120,415,1200,460
camera_0001,381,6,1197,261,1277,306
camera_0001,381,9,1131,415,1211,460
camera_0001,382,6,1204,261,1284,306
camera_0001,382,9,1142,415,1222,460
camera_0001,383,6,1212,261,1292,306
camera_0001,383,9,1154,415,1234,460
camera_0001,384,6,1220,261,1300,306
camera_0001,384,9,1165,415,1245,460
camera_0001,385,6,1228,261,1308,306
camera_0001,385,9,1176,415,1256,460
camera_0001,386,6,1235,261,1315,306
camera_0001,386,9,1188,415,1268,460
camera_0001,387,6,1243,261,1323,306
camera_0001,387,9,1199,415,1279,460
camera_0001,388,6,1251,261,1331,306
camera_0001,388,9,1210,415,1290,460
camera_0001,389,6,1259,261,1339,306
camera_0001,389,9,1222,415,1302,460
camera_0001,390,6,1266,261,1346,306
camera_0001,390,9,1233,415,1313,460
camera_0001,391,6,1274,261,1354,306
camera_0001,391,9,1244,415,1324,460
camera_0001,392,6,1282,261,1362,306
camera_0001,392,9,1256,415,1336,460
camera_0001,393,6,1290,261,1370,306
camera_0001,393,9,1267,415,1347,460
camera_0001,394,9,1278,415,1358,460
camera_0001,395,9,1290,415,1370,460
camera_0002,539,3,1290,196,1370,241
camera_0002,540,3,1280,196,1360,241
camera_0002,541,3,1271,196,1351,241
camera_0002,542,3,1262,196,1342,241
camera_0002,543,3,1253,196,1333,241
camera_0002,544,3,1244,196,1324,241
camera_0002,545,3,1234,196,1314,241
camera_0002,546,3,1225,196,1305,241
camera_0002,547,3,1216,196,1296,241
camera_0002,548,3,1207,196,1287,241
camera_0002,549,3,1198,196,1278,241
camera_0002,550,3,1188,196,1268,241
camera_0002,551,3,1179,196,1259,241
camera_0002,552,3,1170,196,1250,241
camera_0002,553,3,1161,196,1241,241
camera_0002,554,3,1152,196,1232,241
camera_0002,555,3,1142,196,1222,241
camera_0002,556,3,1133,196,1213,241
camera_0002,557,3,1124,196,1204,241
camera_0002,558,3,1115,196,1195,241
camera_0002,559,3,1106,196,1186,241
camera_0002,560,3,1096,196,1176,241
camera_0002,561,3,1087,196,1167,241
camera_0002,562,3,1078,196,1158,241
camera_0002,563,3,1069,196,1149,241
camera_0002,564,3,1060,196,1140,241
camera_0002,565,3,1050,196,1130,241
camera_0002,566,3,1041,196,1121,241
camera_0002,567,3,1032,196,1112,241
camera_0002,568,3,1023,196,1103,241
camera_0002,569,3,1014,196,1094,241
camera_0002,570,3,1004,196,1084,241
camera_0002,571,3,995,196,1075,241
camera_0002,572,3,986,196,1066,241
camera_0002,573,3,977,196,1057,241
camera_0002,574,3,968,196,1048,241
camera_0002,575,3,958,196,1038,241
camera_0002,576,3,949,196,1029,241
camera_0002,577,3,940,196,1020,241
camera_0002,578,3,931,196,1011,241
camera_0002,579,3,922,196,1002,241
camera_0002,580,3,913,196,993,241
camera_0002,581,3,903,196,983,241
camera_0002,582,3,894,196,974,241
camera_0002,583,3,885,196,965,241
camera_0002,584,3,876,196,956,241
camera_0002,585,3,867,196,947,241
camera_0002,586,3,857,196,937,241
camera_0002,587,3,848,196,928,241
camera_0002,588,3,839,196,919,241
camera_0002,589,3,830,196,910,241
camera_0002,590,3,821,196,901,241
camera_0002,591,3,811,196,891,241
camera_0002,592,3,802,196,882,241
camera_0002,593,3,793,196,873,241
camera_0002,594,3,784,196,864,241
camera_0002,595,3,775,196,855,241
camera_0002,596,3,765,196,845,241
camera_0002,597,1,1290,237,1370,282
camera_0002,597,3,756,196,836,241
camera_0002,598,1,1280,237,1360,282
camera_0002,598,3,747,196,827,241
camera_0002,599,1,1271,237,1351,282
camera_0002,599,3,738,196,818,241
camera_0002,600,1,1262,237,1342,282
camera_0002,600,3,729,196,809,241
camera_0002,601,1,1252,237,1332,282
camera_0002,601,3,719,196,799,241
camera_0002,602,1,1243,237,1323,282
camera_0002,602,3,710,196,790,241
camera_0002,603,1,1234,237,1314,282
camera_0002,603,3,701,196,781,241
camera_0002,604,1,1224,237,1304,282
camera_0002,604,3,692,196,772,241
camera_0002,605,1,1215,237,1295,282
camera_0002,605,3,683,196,763,241
camera_0002,606,1,1206,237,1286,282
camera_0002,606,3,673,196,753,241
camera_0002,607,1,1196,237,1276,282
camera_0002,607,3,664,196,744,241
camera_0002,608,1,1187,237,1267,282
camera_0002,608,3,655,196,735,241
camera_0002,609,1,1178,237,1258,282
camera_0002,609,3,646,196,726,241
camera_0002,610,1,1168,237,1248,282
camera_0002,610,3,637,196,717,241
camera_0002,611,1,1159,237,1239,282
camera_0002,611,3,627,196,707,241
camera_0002,612,1,1150,237,1230,282
camera_0002,612,3,618,196,698,241
camera_0002,613,1,1140,237,1220,282
camera_0002,613,3,609,196,689,241
camera_0002,614,1,1131,237,1211,282
camera_0002,614,3,600,196,680,241
camera_0002,615,1,1122,237,1202,282
camera_0002,615,3,591,196,671,241
camera_0002,616,1,1112,237,1192,282
camera_0002,616,3,582,196,662,241
camera_0002,617,1,1103,237,1183,282
camera_0002,617,3,572,196,652,241
camera_0002,618,1,1094,237,1174,282
camera_0002,618,3,563,196,643,241
camera_0002,619,1,1084,237,1164,282
camera_0002,619,3,554,196,634,241
camera_0002,620,1,1075,237,1155,282
camera_0002,620,3,545,196,625,241
camera_0002,621,1,1066,237,1146,282
camera_0002,621,3,536,196,616,241
camera_0002,622,1,1057,237,1137,282
camera_0002,622,3,526,196,606,241
camera_0002,623,1,1047,237,1127,282
camera_0002,623,3,517,196,597,241
camera_0002,624,1,1038,237,1118,282
camera_0002,624,3,508,196,588,241
camera_0002,625,1,1029,237,1109,282
camera_0002,625,2,1290,251,1370,296
camera_0002,625,3,499,196,579,241
camera_0002,626,1,1019,237,1099,282
camera_0002,626,2,1283,251,1363,296
camera_0002,626,3,490,196,570,241
camera_0002,627,1,1010,237,1090,282
camera_0002,627,2,1276,251,1356,296
camera_0002,627,3,480,196,560,241
camera_0002,628,1,1001,237,1081,282
camera_0002,628,2,1269,251,1349,296
camera_0002,628,3,471,196,551,241
camera_0002,629,1,991,237,1071,282
camera_0002,629,2,1262,251,1342,296
camera_0002,629,3,462,196,542,241
camera_0002,630,1,982,237,1062,282
camera_0002,630,2,1255,251,1335,296
camera_0002,630,3,453,196,533,241
camera_0002,631,1,973,237,1053,282
camera_0002,631,2,1248,251,1328,296
camera_0002,631,3,444,196,524,241
camera_0002,632,1,963,237,1043,282
camera_0002,632,2,1241,251,1321,296
camera_0002,632,3,434,196,514,241
camera_0002,633,1,954,237,1034,282
camera_0002,633,2,1234,251,1314,296
camera_0002,633,3,425,196,505,241
camera_0002,634,1,945,237,1025,282
camera_0002,634,2,1227,251,1307,296
camera_0002,634,3,416,196,496,241
camera_0002,635,1,935,237,1015,282
camera_0002,635,2,1220,251,1300,296
camera_0002,635,3,407,196,487,241
camera_0002,635,7,1290,290,1370,335
camera_0002,636,1,926,237,1006,282
camera_0002,636,2,1213,251,1293,296
camera_0002,636,3,398,196,478,241
camera_0002,636,7,1282,290,1362,335
camera_0002,637,1,917,237,997,282
camera_0002,637,2,1206,251,1286,296
camera_0002,637,3,388,196,468,241
camera_0002,637,7,1275,290,1355,335
camera_0002,638,1,907,237,987,282
camera_0002,638,2,1200,251,1280,296
camera_0002,638,3,379,196,459,241
camera_0002,638,7,1268,290,1348,335
camera_0002,639,1,898,237,978,282
camera_0002,639,2,1193,251,1273,296
camera_0002,639,3,370,196,450,241
camera_0002,639,7,1260,290,1340,335
camera_0002,640,1,889,237,969,282
camera_0002,640,2,1186,251,1266,296
camera_0002,640,3,361,196,441,241
camera_0002,640,7,1253,290,1333,335
camera_0002,641,1,879,237,959,282
camera_0002,641,2,1179,251,1259,296
camera_0002,641,3,352,196,432,241
camera_0002,641,7,1246,290,1326,335
camera_0002,642,1,870,237,950,282
camera_0002,642,2,1172,251,1252,296
camera_0002,642,3,342,196,422,241
camera_0002,642,7,1238,290,1318,335
camera_0002,643,1,861,237,941,282
camera_0002,643,2,1165,251,1245,296
camera_0002,643,3,333,196,413,241
camera_0002,643,7,1231,290,1311,335
camera_0002,644,1,851,237,931,282
camera_0002,644,2,1158,251,1238,296
camera_0002,644,3,324,196,404,241
camera_0002,644,7,1224,290,1304,335
camera_0002,645,1,842,237,922,282
camera_0002,645,2,1151,251,1231,296
camera_0002,645,3,315,196,395,241
camera_0002,645,7,1216,290,1296,335
camera_0002,646,1,833,237,913,282
camera_0002,646,2,1144,251,1224,296
camera_0002,646,3,306,196,386,241
camera_0002,646,7,1209,290,1289,335
camera_0002,647,1,824,237,904,282
camera_0002,647,2,1137,251,1217,296
camera_0002,647,3,296,196,376,241
camera_0002,647,4,1290,438,1370,483
camera_0002,647,7,1202,290,1282,335
camera_0002,648,1,814,237,894,282
camera_0002,648,2,1130,251,1210,296
camera_0002,648,3,287,196,367,241
camera_0002,648,4,1284,438,1364,483
camera_0002,648,7,1194,290,1274,335
camera_0002,649,1,805,237,885,282
camera_0002,649,2,1123,251,1203,296
camera_0002,649,3,278,196,358,241
camera_0002,649,4,1278,438,1358,483
camera_0002,649,7,1187,290,1267,335
camera_0002,650,1,796,237,876,282
camera_0002,650,2,1117,251,1197,296
camera_0002,650,3,269,196,349,241
camera_0002,650,4,1272,438,1352,483
camera_0002,650,7,1180,290,1260,335
camera_0002,651,1,786,237,866,282
camera_0002,651,2,1110,251,1190,296
camera_0002,651,3,260,196,340,241
camera_0002,651,4,1266,438,1346,483
camera_0002,651,7,1172,290,1252,335
camera_0002,652,1,777,237,857,282
camera_0002,652,2,1103,251,1183,296
camera_0002,652,3,251,196,331,241
camera_0002,652,4,1260,438,1340,483
camera_0002,652,7,1165,290,1245,335
camera_0002,653,1,768,237,848,282
camera_0002,653,2,1096,251,1176,296
camera_0002,653,3,241,196,321,241
camera_0002,653,4,1254,438,1334,483
camera_0002,653,7,1158,290,1238,335
camera_0002,654,1,758,237,838,282
camera_0002,654,2,1089,251,1169,296
camera_0002,654,3,232,196,312,241
camera_0002,654,4,1248,438,1328,483
camera_0002,654,7,1150,290,1230,335
camera_0002,655,1,749,237,829,282
camera_0002,655,2,1082,251,1162,296
camera_0002,655,3,223,196,303,241
camera_0002,655,4,1242,438,1322,483
camera_0002,655,7,1143,290,1223,335
camera_0002,656,1,740,237,820,282
camera_0002,656,2,1075,251,1155,296
camera_0002,656,3,214,196,294,241
camera_0002,656,4,1236,438,1316,483
camera_0002,656,7,1136,290,1216,335
camera_0002,657,1,730,237,810,282
camera_0002,657,2,1068,251,1148,296
camera_0002,657,3,205,196,285,241
camera_0002,657,4,1230,438,1310,483
camera_0002,657,7,1128,290,1208,335
camera_0002,658,1,721,237,801,282
camera_0002,658,2,1061,251,1141,296
camera_0002,658,3,195,196,275,241
camera_0002,658,4,1224,438,1304,483
camera_0002,658,7,1121,290,1201,335
camera_0002,659,1,712,237,792,282
camera_0002,659,2,1054,251,1134,296
camera_0002,659,3,186,196,266,241
camera_0002,659,4,1218,438,1298,483
camera_0002,659,7,1114,290,1194,335
camera_0002,660,1,702,237,782,282
camera_0002,660,2,1047,251,1127,296
camera_0002,660,3,177,196,257,241
camera_0002,660,4,1212,438,1292,483
camera_0002,660,7,1106,290,1186,335
camera_0002,661,1,693,237,773,282
camera_0002,661,2,1040,251,1120,296
camera_0002,661,3,168,196,248,241
camera_0002,661,4,1206,438,1286,483
camera_0002,661,7,1099,290,1179,335
camera_0002,662,1,684,237,764,282
camera_0002,662,2,1033,251,1113,296
camera_0002,662,3,159,196,239,241
camera_0002,662,4,1200,438,1280,483
camera_0002,662,7,1092,290,1172,335
camera_0002,663,1,674,237,754,282
camera_0002,663,2,1027,251,1107,296
camera_0002,663,3,149,196,229,241
camera_0002,663,4,1194,438,1274,483
camera_0002,663,7,1084,290,1164,335
camera_0002,664,1,665,237,745,282
camera_0002,664,2,1020,251,1100,296
camera_0002,664,3,140,196,220,241
camera_0002,664,4,1188,438,1268,483
camera_0002,664,7,1077,290,1157,335
camera_0002,665,1,656,237,736,282
camera_0002,665,2,1013,251,1093,296
camera_0002,665,3,131,196,211,241
camera_0002,665,4,1182,438,1262,483
camera_0002,665,7,1070,290,1150,335
camera_0002,666,1,646,237,726,282
camera_0002,666,2,1006,251,1086,296
camera_0002,666,3,122,196,202,241
camera_0002,666,4,1176,438,1256,483
camera_0002,666,7,1062,290,1142,335
camera_0002,667,1,637,237,717,282
camera_0002,667,2,999,251,1079,296
camera_0002,667,3,113,196,193,241
camera_0002,667,4,1170,438,1250,483
camera_0002,667,7,1055,290,1135,335
camera_0002,668,1,628,237,708,282
camera_0002,668,2,992,251,1072,296
camera_0002,668,3,103,196,183,241
camera_0002,668,4,1164,438,1244,483
camera_0002,668,7,1048,290,1128,335
camera_0002,669,1,618,237,698,282
camera_0002,669,2,985,251,1065,296
camera_0002,669,3,94,196,174,241
camera_0002,669,4,1158,438,1238,483
camera_0002,669,7,1040,290,1120,335
camera_0002,670,1,609,237,689,282
camera_0002,670,2,978,251,1058,296
camera_0002,670,3,85,196,165,241
camera_0002,670,4,1152,438,1232,483
camera_0002,670,7,1033,290,1113,335
camera_0002,671,1,600,237,680,282
camera_0002,671,2,971,251,1051,296
camera_0002,671,3,76,196,156,241
camera_0002,671,4,1146,438,1226,483
camera_0002,671,7,1026,290,1106,335
camera_0002,672,1,591,237,671,282
camera_0002,672,2,964,251,1044,296
camera_0002,672,3,67,196,147,241
camera_0002,672,4,1140,438,1220,483
camera_0002,672,7,1018,290,1098,335
camera_0002,673,1,581,237,661,282
camera_0002,673,2,957,251,1037,296
camera_0002,673,3,57,196,137,241
camera_0002,673,4,1134,438,1214,483
camera_0002,673,7,1011,290,1091,335
camera_0002,674,1,572,237,652,282
camera_0002,674,2,950,251,1030,296
camera_0002,674,3,48,196,128,241
camera_0002,674,4,1128,438,1208,483
camera_0002,674,7,1004,290,1084,335
camera_0002,675,1,563,237,643,282
camera_0002,675,2,944,251,1024,296
camera_0002,675,3,39,196,119,241
camera_0002,675,4,1122,438,1202,483
camera_0002,675,7,996,290,1076,335
camera_0002,676,1,553,237,633,282
camera_0002,676,2,937,251,1017,296
camera_0002,676,3,30,196,110,241
camera_0002,676,4,1116,438,1196,483
camera_0002,676,7,989,290,1069,335
camera_0002,677,1,544,237,624,282
camera_0002,677,2,930,251,1010,296
camera_0002,677,3,21,196,101,241
camera_0002,677,4,1110,438,1190,483
camera_0002,677,7,982,290,1062,335
camera_0002,678,1,535,237,615,282
camera_0002,678,2,923,251,1003,296
camera_0002,678,3,11,196,91,241
camera_0002,678,4,1104,438,1184,483
camera_0002,678,7,974,290,1054,335
camera_0002,679,1,525,237,605,282
camera_0002,679,2,916,251,996,296
camera_0002,679,3,2,196,82,241
camera_0002,679,4,1098,438,1178,483
camera_0002,679,7,967,290,1047,335
camera_0002,680,1,516,237,596,282
camera_0002,680,2,909,251,989,296
camera_0002,680,3,-6,196,74,241
camera_0002,680,4,1092,438,1172,483
camera_0002,680,7,960,290,1040,335
camera_0002,681,1,507,237,587,282
camera_0002,681,2,902,251,982,296
camera_0002,681,3,-15,196,65,241
camera_0002,681,4,1086,438,1166,483
camera_0002,681,7,952,290,1032,335
camera_0002,682,1,497,237,577,282
camera_0002,682,2,895,251,975,296
camera_0002,682,3,-24,196,56,241
camera_0002,682,4,1080,438,1160,483
camera_0002,682,7,945,290,1025,335
camera_0002,683,1,488,237,568,282
camera_0002,683,2,888,251,968,296
camera_0002,683,3,-34,196,46,241
camera_0002,683,4,1074,438,1154,483
camera_0002,683,7,938,290,1018,335
camera_0002,684,1,479,237,559,282
camera_0002,684,2,881,251,961,296
camera_0002,684,3,-43,196,37,241
camera_0002,684,4,1068,438,1148,483
camera_0002,684,7,931,290,1011,335
camera_0002,685,1,469,237,549,282
camera_0002,685,2,874,251,954,296
camera_0002,685,3,-52,196,28,241
camera_0002,685,4,1062,438,1142,483
camera_0002,685,7,923,290,1003,335
camera_0002,686,1,460,237,540,282
camera_0002,686,2,867,251,947,296
camera_0002,686,3,-61,196,19,241
camera_0002,686,4,1056,438,1136,483
camera_0002,686,7,916,290,996,335
camera_0002,687,1,451,237,531,282
camera_0002,687,2,861,251,941,296
camera_0002,687,3,-70,196,10,241
camera_0002,687,4,1050,438,1130,483
camera_0002,687,7,909,290,989,335
camera_0002,688,1,441,237,521,282
camera_0002,688,2,854,251,934,296
camera_0002,688,3,-80,196,0,241
camera_0002,688,4,1044,438,1124,483
camera_0002,688,7,901,290,981,335
camera_0002,689,1,432,237,512,282
camera_0002,689,2,847,251,927,296
camera_0002,689,4,1038,438,1118,483
camera_0002,689,7,894,290,974,335
camera_0002,690,1,423,237,503,282
camera_0002,690,2,840,251,920,296
camera_0002,690,4,1032,438,1112,483
camera_0002,690,7,887,290,967,335
camera_0002,691,1,413,237,493,282
camera_0002,691,2,833,251,913,296
camera_0002,691,4,1026,438,1106,483
camera_0002,691,7,879,290,959,335
camera_0002,692,1,404,237,484,282
camera_0002,692,2,826,251,906,296
camera_0002,692,4,1020,438,1100,483
camera_0002,692,7,872,290,952,335
camera_0002,693,1,395,237,475,282
camera_0002,693,2,819,251,899,296
camera_0002,693,4,1014,438,1094,483
camera_0002,693,7,865,290,945,335
camera_0002,694,1,385,237,465,282
camera_0002,694,2,812,251,892,296
camera_0002,694,4,1008,438,1088,483
camera_0002,694,7,857,290,937,335
camera_0002,695,1,376,237,456,282
camera_0002,695,2,805,251,885,296
camera_0002,695,4,1002,438,1082,483
camera_0002,695,7,850,290,930,335
camera_0002,696,1,367,237,447,282
camera_0002,696,2,798,251,878,296
camera_0002,696,4,996,438,1076,483
camera_0002,696,7,843,290,923,335
camera_0002,697,1,358,237,438,282
camera_0002,697,2,791,251,871,296
camera_0002,697,4,990,438,1070,483
camera_0002,697,7,835,290,915,335
camera_0002,698,1,348,237,428,282
camera_0002,698,2,784,251,864,296
camera_0002,698,4,984,438,1064,483
camera_0002,698,7,828,290,908,335
camera_0002,699,1,339,237,419,282
camera_0002,699,2,777,251,857,296
camera_0002,699,4,978,438,1058,483
camera_0002,699,7,821,290,901,335
camera_0002,700,1,330,237,410,282
camera_0002,700,2,771,251,851,296
camera_0002,700,4,972,438,1052,483
camera_0002,700,7,813,290,893,335
camera_0002,701,1,320,237,400,282
camera_0002,701,2,764,251,844,296
camera_0002,701,4,966,438,1046,483
camera_0002,701,7,806,290,886,335
camera_0002,702,1,311,237,391,282
camera_0002,702,2,757,251,837,296
camera_0002,702,4,960,438,1040,483
camera_0002,702,7,799,290,879,335
camera_0002,703,1,302,237,382,282
camera_0002,703,2,750,251,830,296
camera_0002,703,4,954,438,1034,483
camera_0002,703,7,791,290,871,335
camera_0002,704,1,292,237,372,282
camera_0002,704,2,743,251,823,296
camera_0002,704,4,948,438,1028,483
camera_0002,704,7,784,290,864,335
camera_0002,705,1,283,237,363,282
camera_0002,705,2,736,251,816,296
camera_0002,705,4,943,438,1023,483
camera_0002,705,7,777,290,857,335
camera_0002,706,1,274,237,354,282
camera_0002,706,2,729,251,809,296
camera_0002,706,4,937,438,1017,483
camera_0002,706,7,769,290,849,335
camera_0002,707,1,264,237,344,282
camera_0002,707,2,722,251,802,296
camera_0002,707,4,931,438,1011,483
camera_0002,707,7,762,290,842,335
camera_0002,708,1,255,237,335,282
camera_0002,708,2,715,251,795,296
camera_0002,708,4,925,438,1005,483
camera_0002,708,7,755,290,835,335
camera_0002,709,1,246,237,326,282
camera_0002,709,2,708,251,788,296
camera_0002,709,4,919,438,999,483
camera_0002,709,7,747,290,827,335
camera_0002,710,1,236,237,316,282
camera_0002,710,2,701,251,781,296
camera_0002,710,4,913,438,993,483
camera_0002,710,7,740,290,820,335
camera_0002,711,1,227,237,307,282
camera_0002,711,2,694,251,774,296
camera_0002,711,4,907,438,987,483
camera_0002,711,7,733,290,813,335
camera_0002,712,1,218,237,298,282
camera_0002,712,2,688,251,768,296
camera_0002,712,4,901,438,981,483
camera_0002,712,7,725,290,805,335
camera_0002,713,1,208,237,288,282
camera_0002,713,2,681,251,761,296
camera_0002,713,4,895,438,975,483
camera_0002,713,7,718,290,798,335
camera_0002,714,1,199,237,279,282
camera_0002,714,2,674,251,754,296
camera_0002,714,4,889,438,969,483
camera_0002,714,7,711,290,791,335
camera_0002,715,1,190,237,270,282
camera_0002,715,2,667,251,747,296
camera_0002,715,4,883,438,963,483
camera_0002,715,7,703,290,783,335
camera_0002,716,1,180,237,260,282
camera_0002,716,2,660,251,740,296
camera_0002,716,4,877,438,957,483
camera_0002,716,7,696,290,776,335
camera_0002,717,1,171,237,251,282
camera_0002,717,2,653,251,733,296
camera_0002,717,4,871,438,951,483
camera_0002,717,7,689,290,769,335
camera_0002,718,1,162,237,242,282
camera_0002,718,2,646,251,726,296
camera_0002,718,4,865,438,945,483
camera_0002,718,7,681,290,761,335
camera_0002,719,1,152,237,232,282
camera_0002,719,2,639,251,719,296
camera_0002,719,4,859,438,939,483
camera_0002,719,7,674,290,754,335
camera_0002,720,1,143,237,223,282
camera_0002,720,2,632,251,712,296
camera_0002,720,4,853,438,933,483
camera_0002,720,7,667,290,747,335
camera_0002,721,1,134,237,214,282
camera_0002,721,2,625,251,705,296
camera_0002,721,4,847,438,927,483
camera_0002,721,7,659,290,739,335
camera_0002,722,1,125,237,205,282
camera_0002,722,2,618,251,698,296
camera_0002,722,4,841,438,921,483
camera_0002,722,7,652,290,732,335
camera_0002,723,1,115,237,195,282
camera_0002,723,2,611,251,691,296
camera_0002,723,4,835,438,915,483
camera_0002,723,7,645,290,725,335
camera_0002,724,1,106,237,186,282
camera_0002,724,2,605,251,685,296
camera_0002,724,4,829,438,909,483
camera_0002,724,7,637,290,717,335
camera_0002,725,1,97,237,177,282
camera_0002,725,2,598,251,678,296
camera_0002,725,4,823,438,903,483
camera_0002,725,7,630,290,710,335
camera_0002,726,1,87,237,167,282
camera_0002,726,2,591,251,671,296
camera_0002,726,4,817,438,897,483
camera_0002,726,7,623,290,703,335
camera_0002,727,1,78,237,158,282
camera_0002,727,2,584,251,664,296
camera_0002,727,4,811,438,891,483
camera_0002,727,7,615,290,695,335
camera_0002,728,1,69,237,149,282
camera_0002,728,2,577,251,657,296
camera_0002,728,4,805,438,885,483
camera_0002,728,7,608,290,688,335
camera_0002,729,1,59,237,139,282
camera_0002,729,2,570,251,650,296
camera_0002,729,4,799,438,879,483
camera_0002,729,7,601,290,681,335
camera_0002,730,1,50,237,130,282
camera_0002,730,2,563,251,643,296
camera_0002,730,4,793,438,873,483
camera_0002,730,7,594,290,674,335
camera_0002,731,1,41,237,121,282
camera_0002,731,2,556,251,636,296
camera_0002,731,4,787,438,867,483
camera_0002,731,7,586,290,666,335
camera_0002,732,1,31,237,111,282
camera_0002,732,2,549,251,629,296
camera_0002,732,4,781,438,861,483
camera_0002,732,7,579,290,659,335
camera_0002,733,1,22,237,102,282
camera_0002,733,2,542,251,622,296
camera_0002,733,4,775,438,855,483
camera_0002,733,7,572,290,652,335
camera_0002,734,1,13,237,93,282
camera_0002,734,2,535,251,615,296
camera_0002,734,4,769,438,849,483
camera_0002,734,7,564,290,644,335
camera_0002,735,1,3,237,83,282
camera_0002,735,2,528,251,608,296
camera_0002,735,4,763,438,843,483
camera_0002,735,7,557,290,637,335
camera_0002,736,1,-5,237,75,282
camera_0002,736,2,521,251,601,296
camera_0002,736,4,757,438,837,483
camera_0002,736,7,550,290,630,335
camera_0002,737,1,-14,237,66,282
camera_0002,737,2,515,251,595,296
camera_0002,737,4,751,438,831,483
camera_0002,737,7,542,290,622,335
camera_0002,738,1,-24,237,56,282
camera_0002,738,2,508,251,588,296
camera_0002,738,4,745,438,825,483
camera_0002,738,7,535,290,615,335
camera_0002,739,1,-33,237,47,282
camera_0002,739,2,501,251,581,296
camera_0002,739,4,739,438,819,483
camera_0002,739,7,528,290,608,335
camera_0002,740,1,-42,237,38,282
camera_0002,740,2,494,251,574,296
camera_0002,740,4,733,438,813,483
camera_0002,740,7,520,290,600,335
camera_0002,741,1,-52,237,28,282
camera_0002,741,2,487,251,567,296
camera_0002,741,4,727,438,807,483
camera_0002,741,7,513,290,593,335
camera_0002,742,1,-61,237,19,282
camera_0002,742,2,480,251,560,296
camera_0002,742,4,721,438,801,483
camera_0002,742,7,506,290,586,335
camera_0002,743,1,-70,237,10,282
camera_0002,743,2,473,251,553,296
camera_0002,743,4,715,438,795,483
camera_0002,743,7,498,290,578,335
camera_0002,744,1,-80,237,0,282
camera_0002,744,2,466,251,546,296
camera_0002,744,4,709,438,789,483
camera_0002,744,7,491,290,571,335
camera_0002,745,2,459,251,539,296
camera_0002,745,4,703,438,783,483
camera_0002,745,7,484,290,564,335
camera_0002,746,2,452,251,532,296
camera_0002,746,4,697,438,777,483
camera_0002,746,7,476,290,556,335
camera_0002,747,2,445,251,525,296
camera_0002,747,4,691,438,771,483
camera_0002,747,7,469,290,549,335
camera_0002,748,2,438,251,518,296
camera_0002,748,4,685,438,765,483
camera_0002,748,7,462,290,542,335
camera_0002,749,2,432,251,512,296
camera_0002,749,4,679,438,759,483
camera_0002,749,7,454,290,534,335
camera_0002,750,2,425,251,505,296
camera_0002,750,4,673,438,753,483
camera_0002,750,7,447,290,527,335
camera_0002,751,2,418,251,498,296
camera_0002,751,4,667,438,747,483
camera_0002,751,7,440,290,520,335
camera_0002,752,2,411,251,491,296
camera_0002,752,4,661,438,741,483
camera_0002,752,7,432,290,512,335
camera_0002,753,2,404,251,484,296
camera_0002,753,4,655,438,735,483
camera_0002,753,7,425,290,505,335
camera_0002,754,2,397,251,477,296
camera_0002,754,4,649,438,729,483
camera_0002,754,7,418,290,498,335
camera_0002,755,2,390,251,470,296
camera_0002,755,4,643,438,723,483
camera_0002,755,7,410,290,490,335
camera_0002,756,2,383,251,463,296
camera_0002,756,4,637,438,717,483
camera_0002,756,7,403,290,483,335
camera_0002,757,2,376,251,456,296
camera_0002,757,4,631,438,711,483
camera_0002,757,7,396,290,476,335
camera_0002,758,2,369,251,449,296
camera_0002,758,4,625,438,705,483
camera_0002,758,5,1290,394,1370,439
camera_0002,758,7,388,290,468,335
camera_0002,759,2,362,251,442,296
camera_0002,759,4,619,438,699,483
camera_0002,759,5,1274,394,1354,439
camera_0002,759,7,381,290,461,335
camera_0002,760,2,355,251,435,296
camera_0002,760,4,613,438,693,483
camera_0002,760,5,1259,394,1339,439
camera_0002,760,7,374,290,454,335
camera_0002,761,2,348,251,428,296
camera_0002,761,4,607,438,687,483
camera_0002,761,5,1244,394,1324,439
camera_0002,761,7,366,290,446,335
camera_0002,762,2,342,251,422,296
camera_0002,762,4,602,438,682,483
camera_0002,762,5,1229,394,1309,439
camera_0002,762,7,359,290,439,335
camera_0002,763,2,335,251,415,296
camera_0002,763,4,596,438,676,483
camera_0002,763,5,1214,394,1294,439
camera_0002,763,7,352,290,432,335
camera_0002,764,2,328,251,408,296
camera_0002,764,4,590,438,670,483
camera_0002,764,5,1199,394,1279,439
camera_0002,764,7,344,290,424,335
camera_0002,765,2,321,251,401,296
camera_0002,765,4,584,438,664,483
camera_0002,765,5,1184,394,1264,439
camera_0002,765,7,337,290,417,335
camera_0002,766,2,314,251,394,296
camera_0002,766,4,578,438,658,483
camera_0002,766,5,1169,394,1249,439
camera_0002,766,7,330,290,410,335
camera_0002,767,2,307,251,387,296
camera_0002,767,4,572,438,652,483
camera_0002,767,5,1154,394,1234,439
camera_0002,767,7,322,290,402,335
camera_0002,768,2,300,251,380,296
camera_0002,768,4,566,438,646,483
camera_0002,768,5,1139,394,1219,439
camera_0002,768,7,315,290,395,335
camera_0002,769,2,293,251,373,296
camera_0002,769,4,560,438,640,483
camera_0002,769,5,1124,394,1204,439
camera_0002,769,7,308,290,388,335
camera_0002,770,2,286,251,366,296
camera_0002,770,4,554,438,634,483
camera_0002,770,5,1109,394,1189,439
camera_0002,770,7,300,290,380,335
camera_0002,771,2,279,251,359,296
camera_0002,771,4,548,438,628,483
camera_0002,771,5,1094,394,1174,439
camera_0002,771,7,293,290,373,335
camera_0002,772,2,272,251,352,296
camera_0002,772,4,542,438,622,483
camera_0002,772,5,1079,394,1159,439
camera_0002,772,7,286,290,366,335
camera_0002,773,2,265,251,345,296
camera_0002,773,4,536,438,616,483
camera_0002,773,5,1064,394,1144,439
camera_0002,773,7,278,290,358,335
camera_0002,774,2,259,251,339,296
camera_0002,774,4,530,438,610,483
camera_0002,774,5,1049,394,1129,439
camera_0002,774,7,271,290,351,335
camera_0002,775,2,252,251,332,296
camera_0002,775,4,524,438,604,483
camera_0002,775,5,1034,394,1114,439
camera_0002,775,7,264,290,344,335
camera_0002,776,2,245,251,325,296
camera_0002,776,4,518,438,598,483
camera_0002,776,5,1019,394,1099,439
camera_0002,776,7,257,290,337,335
camera_0002,777,2,238,251,318,296
camera_0002,777,4,512,438,592,483
camera_0002,777,5,1003,394,1083,439
camera_0002,777,7,249,290,329,335
camera_0002,778,2,231,251,311,296
camera_0002,778,4,506,438,586,483
camera_0002,778,5,988,394,1068,439
camera_0002,778,7,242,290,322,335
camera_0002,779,2,224,251,304,296
camera_0002,779,4,500,438,580,483
camera_0002,779,5,973,394,1053,439
camera_0002,779,7,235,290,315,335
camera_0002,780,2,217,251,297,296
camera_0002,780,4,494,438,574,483
camera_0002,780,5,958,394,1038,439
camera_0002,780,7,227,290,307,335
camera_0002,781,2,210,251,290,296
camera_0002,781,4,488,438,568,483
camera_0002,781,5,943,394,1023,439
camera_0002,781,7,220,290,300,335
camera_0002,782,2,203,251,283,296
camera_0002,782,4,482,438,562,483
camera_0002,782,5,928,394,1008,439
camera_0002,782,7,213,290,293,335
camera_0002,783,2,196,251,276,296
camera_0002,783,4,476,438,556,483
camera_0002,783,5,913,394,993,439
camera_0002,783,7,205,290,285,335
camera_0002,784,2,189,251,269,296
camera_0002,784,4,470,438,550,483
camera_0002,784,5,898,394,978,439
camera_0002,784,7,198,290,278,335
camera_0002,785,2,182,251,262,296
camera_0002,785,4,464,438,544,483
camera_0002,785,5,883,394,963,439
camera_0002,785,7,191,290,271,335
camera_0002,786,2,176,251,256,296
camera_0002,786,4,458,438,538,483
camera_0002,786,5,868,394,948,439
camera_0002,786,7,183,290,263,335
camera_0002,787,2,169,251,249,296
camera_0002,787,4,452,438,532,483
camera_0002,787,5,853,394,933,439
camera_0002,787,7,176,290,256,335
camera_0002,788,2,162,251,242,296
camera_0002,788,4,446,438,526,483
camera_0002,788,5,838,394,918,439
camera_0002,788,7,169,290,249,335
camera_0002,789,2,155,251,235,296
camera_0002,789,4,440,438,520,483
camera_0002,789,5,823,394,903,439
camera_0002,789,7,161,290,241,335
camera_0002,790,2,148,251,228,296
camera_0002,790,4,434,438,514,483
camera_0002,790,5,808,394,888,439
camera_0002,790,7,154,290,234,335
camera_0002,791,2,141,251,221,296
camera_0002,791,4,428,438,508,483
camera_0002,791,5,793,394,873,439
camera_0002,791,7,147,290,227,335
camera_0002,792,2,134,251,214,296
camera_0002,792,4,422,438,502,483
camera_0002,792,5,778,394,858,439
camera_0002,792,7,139,290,219,335
camera_0002,793,2,127,251,207,296
camera_0002,793,4,416,438,496,483
camera_0002,793,5,763,394,843,439
camera_0002,793,7,132,290,212,335
camera_0002,794,2,120,251,200,296
camera_0002,794,4,410,438,490,483
camera_0002,794,5,748,394,828,439
camera_0002,794,7,125,290,205,335
camera_0002,795,2,113,251,193,296
camera_0002,795,4,404,438,484,483
camera_0002,795,5,732,394,812,439
camera_0002,795,7,117,290,197,335
camera_0002,796,2,106,251,186,296
camera_0002,796,4,398,438,478,483
camera_0002,796,5,717,394,797,439
camera_0002,796,7,110,290,190,335
camera_0002,796,8,1290,229,1370,274
camera_0002,797,2,99,251,179,296
camera_0002,797,4,392,438,472,483
camera_0002,797,5,702,394,782,439
camera_0002,797,7,103,290,183,335
camera_0002,797,8,1276,229,1356,274
camera_0002,798,2,92,251,172,296
camera_0002,798,4,386,438,466,483
camera_0002,798,5,687,394,767,439
camera_0002,798,7,95,290,175,335
camera_0002,798,8,1262,229,1342,274
camera_0002,799,2,86,251,166,296
camera_0002,799,4,380,438,460,483
camera_0002,799,5,672,394,752,439
camera_0002,799,7,88,290,168,335
camera_0002,799,8,1249,229,1329,274
camera_0002,800,2,79,251,159,296
camera_0002,800,4,374,438,454,483
camera_0002,800,5,657,394,737,439
camera_0002,800,7,81,290,161,335
camera_0002,800,8,1235,229,1315,274
camera_0002,801,2,72,251,152,296
camera_0002,801,4,368,438,448,483
camera_0002,801,5,642,394,722,439
camera_0002,801,7,73,290,153,335
camera_0002,801,8,1222,229,1302,274
camera_0002,802,2,65,251,145,296
camera_0002,802,4,362,438,442,483
camera_0002,802,5,627,394,707,439
camera_0002,802,7,66,290,146,335
camera_0002,802,8,1208,229,1288,274
camera_0002,803,2,58,251,138,296
camera_0002,803,4,356,438,436,483
camera_0002,803,5,612,394,692,439
camera_0002,803,7,59,290,139,335
camera_0002,803,8,1195,229,1275,274
camera_0002,804,2,51,251,131,296
camera_0002,804,4,350,438,430,483
camera_0002,804,5,597,394,677,439
camera_0002,804,7,51,290,131,335
camera_0002,804,8,1181,229,1261,274
camera_0002,805,2,44,251,124,296
camera_0002,805,4,344,438,424,483
camera_0002,805,5,582,394,662,439
camera_0002,805,7,44,290,124,335
camera_0002,805,8,1167,229,1247,274
camera_0002,806,2,37,251,117,296
camera_0002,806,4,338,438,418,483
camera_0002,806,5,567,394,647,439
camera_0002,806,7,37,290,117,335
camera_0002,806,8,1154,229,1234,274
camera_0002,807,2,30,251,110,296
camera_0002,807,4,332,438,412,483
camera_0002,807,5,552,394,632,439
camera_0002,807,7,29,290,109,335
camera_0002,807,8,1140,229,1220,274
camera_0002,808,2,23,251,103,296
camera_0002,808,4,326,438,406,483
camera_0002,808,5,537,394,617,439
camera_0002,808,7,22,290,102,335
camera_0002,808,8,1127,229,1207,274
camera_0002,809,2,16,251,96,296
camera_0002,809,4,320,438,400,483
camera_0002,809,5,522,394,602,439
camera_0002,809,7,15,290,95,335
camera_0002,809,8,1113,229,1193,274
camera_0002,810,2,9,251,89,296
camera_0002,810,4,314,438,394,483
camera_0002,810,5,507,394,587,439
camera_0002,810,7,7,290,87,335
camera_0002,810,8,1100,229,1180,274
camera_0002,811,2,3,251,83,296
camera_0002,811,4,308,438,388,483
camera_0002,811,5,492,394,572,439
camera_0002,811,7,0,290,80,335
camera_0002,811,8,1086,229,1166,274
camera_0002,812,2,-3,251,77,296
camera_0002,812,4,302,438,382,483
camera_0002,812,5,477,394,557,439
camera_0002,812,7,-6,290,74,335
camera_0002,812,8,1072,229,1152,274
camera_0002,813,2,-10,251,70,296
camera_0002,813,4,296,438,376,483
camera_0002,813,5,461,394,541,439
camera_0002,813,7,-14,290,66,335
camera_0002,813,8,1059,229,1139,274
camera_0002,814,2,-17,251,63,296
camera_0002,814,4,290,438,370,483
camera_0002,814,5,446,394,526,439
camera_0002,814,7,-21,290,59,335
camera_0002,814,8,1045,229,1125,274
camera_0002,815,2,-24,251,56,296
camera_0002,815,4,284,438,364,483
camera_0002,815,5,431,394,511,439
camera_0002,815,7,-28,290,52,335
camera_0002,815,8,1032,229,1112,274
camera_0002,816,2,-31,251,49,296
camera_0002,816,4,278,438,358,483
camera_0002,816,5,416,394,496,439
camera_0002,816,7,-36,290,44,335
camera_0002,816,8,1018,229,1098,274
camera_0002,817,2,-38,251,42,296
camera_0002,817,4,272,438,352,483
camera_0002,817,5,401,394,481,439
camera_0002,817,7,-43,290,37,335
camera_0002,817,8,1005,229,1085,274
camera_0002,818,2,-45,251,35,296
camera_0002,818,4,266,438,346,483
camera_0002,818,5,386,394,466,439
camera_0002,818,7,-50,290,30,335
camera_0002,818,8,991,229,1071,274
camera_0002,819,2,-52,251,28,296
camera_0002,819,4,261,438,341,483
camera_0002,819,5,371,394,451,439
camera_0002,819,7,-58,290,22,335
camera_0002,819,8,978,229,1058,274
camera_0002,820,2,-59,251,21,296
camera_0002,820,4,255,438,335,483
camera_0002,820,5,356,394,436,439
camera_0002,820,7,-65,290,15,335
camera_0002,820,8,964,229,1044,274
camera_0002,821,2,-66,251,14,296
camera_0002,821,4,249,438,329,483
camera_0002,821,5,341,394,421,439
camera_0002,821,7,-72,290,8,335
camera_0002,821,8,950,229,1030,274
camera_0002,822,2,-73,251,7,296
camera_0002,822,4,243,438,323,483
camera_0002,822,5,326,394,406,439
camera_0002,822,7,-80,290,0,335
camera_0002,822,8,937,229,1017,274
camera_0002,823,2,-80,251,0,296
camera_0002,823,4,237,438,317,483
camera_0002,823,5,311,394,391,439
camera_0002,823,8,923,229,1003,274
camera_0002,824,4,231,438,311,483
camera_0002,824,5,296,394,376,439
camera_0002,824,8,910,229,990,274
camera_0002,825,4,225,438,305,483
camera_0002,825,5,281,394,361,439
camera_0002,825,8,896,229,976,274
camera_0002,826,4,219,438,299,483
camera_0002,826,5,266,394,346,439
camera_0002,826,8,883,229,963,274
camera_0002,827,4,213,438,293,483
camera_0002,827,5,251,394,331,439
camera_0002,827,8,869,229,949,274
camera_0002,828,4,207,438,287,483
camera_0002,828,5,236,394,316,439
camera_0002,828,8,855,229,935,274
camera_0002,829,4,201,438,281,483
camera_0002,829,5,221,394,301,439
camera_0002,829,8,842,229,922,274
camera_0002,830,4,195,438,275,483
camera_0002,830,5,206,394,286,439
camera_0002,830,8,828,229,908,274
camera_0002,831,4,189,438,269,483
camera_0002,831,5,190,394,270,439
camera_0002,831,8,815,229,895,274
camera_0002,832,4,183,438,263,483
camera_0002,832,5,175,394,255,439
camera_0002,832,8,801,229,881,274
camera_0002,833,4,177,438,257,483
camera_0002,833,5,160,394,240,439
camera_0002,833,8,788,229,868,274
camera_0002,834,4,171,438,251,483
camera_0002,834,5,145,394,225,439
camera_0002,834,8,774,229,854,274
camera_0002,835,4,165,438,245,483
camera_0002,835,5,130,394,210,439
camera_0002,835,6,1290,261,1370,306
camera_0002,835,8,760,229,840,274
camera_0002,836,4,159,438,239,483
camera_0002,836,5,115,394,195,439
camera_0002,836,6,1268,261,1348,306
camera_0002,836,8,747,229,827,274
camera_0002,837,4,153,438,233,483
camera_0002,837,5,100,394,180,439
camera_0002,837,6,1247,261,1327,306
camera_0002,837,8,733,229,813,274
camera_0002,838,4,147,438,227,483
camera_0002,838,5,85,394,165,439
camera_0002,838,6,1225,261,1305,306
camera_0002,838,8,720,229,800,274
camera_0002,839,4,141,438,221,483
camera_0002,839,5,70,394,150,439
camera_0002,839,6,1204,261,1284,306
camera_0002,839,8,706,229,786,274
camera_0002,840,4,135,438,215,483
camera_0002,840,5,55,394,135,439
camera_0002,840,6,1182,261,1262,306
camera_0002,840,8,693,229,773,274
camera_0002,841,4,129,438,209,483
camera_0002,841,5,40,394,120,439
camera_0002,841,6,1161,261,1241,306
camera_0002,841,8,679,229,759,274
camera_0002,842,4,123,438,203,483
camera_0002,842,5,25,394,105,439
camera_0002,842,6,1140,261,1220,306
camera_0002,842,8,666,229,746,274
camera_0002,843,4,117,438,197,483
camera_0002,843,5,10,394,90,439
camera_0002,843,6,1118,261,1198,306
camera_0002,843,8,652,229,732,274
camera_0002,844,4,111,438,191,483
camera_0002,844,5,-4,394,76,439
camera_0002,844,6,1097,261,1177,306
camera_0002,844,8,638,229,718,274
camera_0002,845,4,105,438,185,483
camera_0002,845,5,-19,394,61,439
camera_0002,845,6,1075,261,1155,306
camera_0002,845,8,625,229,705,274
camera_0002,846,4,99,438,179,483
camera_0002,846,5,-34,394,46,439
camera_0002,846,6,1054,261,1134,306
camera_0002,846,8,611,229,691,274
camera_0002,847,4,93,438,173,483
camera_0002,847,5,-49,394,31,439
camera_0002,847,6,1033,261,1113,306
camera_0002,847,8,598,229,678,274
camera_0002,848,4,87,438,167,483
camera_0002,848,5,-64,394,16,439
camera_0002,848,6,1011,261,1091,306
camera_0002,848,8,584,229,664,274
camera_0002,849,4,81,438,161,483
camera_0002,849,5,-80,394,0,439
camera_0002,849,6,990,261,1070,306
camera_0002,849,8,571,229,651,274
camera_0002,850,4,75,438,155,483
camera_0002,850,6,968,261,1048,306
camera_0002,850,8,557,229,637,274
camera_0002,851,4,69,438,149,483
camera_0002,851,6,947,261,1027,306
camera_0002,851,8,543,229,623,274
camera_0002,852,4,63,438,143,483
camera_0002,852,6,926,261,1006,306
camera_0002,852,8,530,229,610,274
camera_0002,853,4,57,438,137,483
camera_0002,853,6,904,261,984,306
camera_0002,853,8,516,229,596,274
camera_0002,854,4,51,438,131,483
camera_0002,854,6,883,261,963,306
camera_0002,854,8,503,229,583,274
camera_0002,855,4,45,438,125,483
camera_0002,855,6,861,261,941,306
camera_0002,855,8,489,229,569,274
camera_0002,856,4,39,438,119,483
camera_0002,856,6,840,261,920,306
camera_0002,856,8,476,229,556,274
camera_0002,857,4,33,438,113,483
camera_0002,857,6,819,261,899,306
camera_0002,857,8,462,229,542,274
camera_0002,858,4,27,438,107,483
camera_0002,858,6,797,261,877,306
camera_0002,858,8,449,229,529,274
camera_0002,859,4,21,438,101,483
camera_0002,859,6,776,261,856,306
camera_0002,859,8,435,229,515,274
camera_0002,860,4,15,438,95,483
camera_0002,860,6,754,261,834,306
camera_0002,860,8,421,229,501,274
camera_0002,861,4,9,438,89,483
camera_0002,861,6,733,261,813,306
camera_0002,861,8,408,229,488,274
camera_0002,862,4,3,438,83,483
camera_0002,862,6,712,261,792,306
camera_0002,862,8,394,229,474,274
camera_0002,863,4,-2,438,78,483
camera_0002,863,6,690,261,770,306
camera_0002,863,8,381,229,461,274
camera_0002,864,4,-8,438,72,483
camera_0002,864,6,669,261,749,306
camera_0002,864,8,367,229,447,274
camera_0002,865,4,-14,438,66,483
camera_0002,865,6,647,261,727,306
camera_0002,865,8,354,229,434,274
camera_0002,866,4,-20,438,60,483
camera_0002,866,6,626,261,706,306
camera_0002,866,8,340,229,420,274
camera_0002,867,4,-26,438,54,483
camera_0002,867,6,605,261,685,306
camera_0002,867,8,326,229,406,274
camera_0002,868,4,-32,438,48,483
camera_0002,868,6,583,261,663,306
camera_0002,868,8,313,229,393,274
camera_0002,869,4,-38,438,42,483
camera_0002,869,6,562,261,642,306
camera_0002,869,8,299,229,379,274
camera_0002,870,4,-44,438,36,483
camera_0002,870,6,540,261,620,306
camera_0002,870,8,286,229,366,274
camera_0002,871,4,-50,438,30,483
camera_0002,871,6,519,261,599,306
camera_0002,871,8,272,229,352,274
camera_0002,872,4,-56,438,24,483
camera_0002,872,6,497,261,577,306
camera_0002,872,8,259,229,339,274
camera_0002,873,4,-62,438,18,483
camera_0002,873,6,476,261,556,306
camera_0002,873,8,245,229,325,274
camera_0002,874,4,-68,438,12,483
camera_0002,874,6,455,261,535,306
camera_0002,874,8,231,229,311,274
camera_0002,875,4,-74,438,6,483
camera_0002,875,6,433,261,513,306
camera_0002,875,8,218,229,298,274
camera_0002,876,4,-80,438,0,483
camera_0002,876,6,412,261,492,306
camera_0002,876,8,204,229,284,274
camera_0002,877,6,390,261,470,306
camera_0002,877,8,191,229,271,274
camera_0002,878,6,369,261,449,306
camera_0002,878,8,177,229,257,274
camera_0002,879,6,348,261,428,306
camera_0002,879,8,164,229,244,274
camera_0002,880,6,326,261,406,306
camera_0002,880,8,150,229,230,274
camera_0002,881,6,305,261,385,306
camera_0002,881,8,137,229,217,274
camera_0002,882,6,283,261,363,306
camera_0002,882,8,123,229,203,274
camera_0002,883,6,262,261,342,306
camera_0002,883,8,109,229,189,274
camera_0002,884,6,241,261,321,306
camera_0002,884,8,96,229,176,274
camera_0002,885,6,219,261,299,306
camera_0002,885,8,82,229,162,274
camera_0002,886,6,198,261,278,306
camera_0002,886,8,69,229,149,274
camera_0002,887,6,176,261,256,306
camera_0002,887,8,55,229,135,274
camera_0002,888,6,155,261,235,306
camera_0002,888,8,42,229,122,274
camera_0002,888,9,1290,415,1370,460
camera_0002,889,6,134,261,214,306
camera_0002,889,8,28,229,108,274
camera_0002,889,9,1165,415,1245,460
camera_0002,890,6,112,261,192,306
camera_0002,890,8,14,229,94,274
camera_0002,890,9,1040,415,1120,460
camera_0002,891,6,91,261,171,306
camera_0002,891,8,1,229,81,274
camera_0002,891,9,916,415,996,460
camera_0002,892,6,69,261,149,306
camera_0002,892,8,-12,229,68,274
camera_0002,892,9,791,415,871,460
camera_0002,893,6,48,261,128,306
camera_0002,893,8,-25,229,55,274
camera_0002,893,9,667,415,747,460
camera_0002,894,6,27,261,107,306
camera_0002,894,8,-39,229,41,274
camera_0002,894,9,542,415,622,460
camera_0002,895,6,5,261,85,306
camera_0002,895,8,-52,229,28,274
camera_0002,895,9,418,415,498,460
camera_0002,896,6,-15,261,65,306
camera_0002,896,8,-66,229,14,274
camera_0002,896,9,293,415,373,460
camera_0002,897,6,-37,261,43,306
camera_0002,897,8,-80,229,0,274
camera_0002,897,9,169,415,249,460
camera_0002,898,6,-58,261,22,306
camera_0002,898,9,44,415,124,460
camera_0002,899,6,-80,261,0,306
camera_0002,899,9,-80,415,0,460
